timestamp,user,item
1673789259.0,0,877
1677576220.0,1,825
1671213230.0,2,164
1671361000.0,2,595
1676279555.0,1,1647
1674496616.0,2,395
1672825764.0,0,424
1671293594.0,2,388
1671360738.0,2,804
1671361551.0,2,1696
1671293446.0,2,341
1671285230.0,2,1962
1673910544.0,0,360
1673610289.0,0,2048
1673956157.0,0,1875
1674495872.0,2,543
1672908455.0,2,1916
1673610289.0,0,693
1676965543.0,1,316
1671292338.0,2,1595
1673801176.0,0,188
1671293594.0,2,1948
1671359674.0,0,958
1677009724.0,1,836
1671471757.0,2,19
1673910544.0,0,2192
1676134694.0,1,352
1671293560.0,2,427
1673610788.0,0,1454
1672763026.0,0,1440
1671200420.0,2,1170
1673614360.0,2,1561
1676725694.0,1,230
1672580912.0,0,1901
1671283007.0,3,274
1671144605.0,1,1201
1671293385.0,2,1023
1672074597.0,2,153
1673611402.0,0,1754
1673360652.0,0,682
1676880185.0,1,707
1674043969.0,0,1873
1671359949.0,1,892
1673955965.0,0,673
1677617414.0,1,1490
1673957178.0,0,44
1672836478.0,3,39
1673956007.0,0,154
1672840570.0,2,1638
1672841098.0,2,1855
1672332707.0,2,1098
1671173039.0,1,762
1673794870.0,0,607
1672845121.0,0,1344
1672840201.0,2,930
1673957007.0,0,1122
1673956961.0,0,1901
1674507976.0,2,416
1676294568.0,1,688
1672825314.0,0,2082
1673811293.0,2,2183
1672840201.0,2,1515
1674040660.0,2,200
1672775566.0,2,476
1673814862.0,0,208
1672585584.0,0,110
1673358601.0,2,234
1671977902.0,0,879
1671213331.0,2,1264
1672762897.0,2,1678
1673810933.0,2,614
1671283007.0,3,1437
1671285230.0,2,1126
1673870411.0,0,1395
1673870430.0,0,988
1672763610.0,2,964
1671285296.0,2,899
1672764278.0,2,1980
1674066514.0,2,283
1677713575.0,1,1641
1671121800.0,2,428
1672074415.0,2,351
1674489088.0,2,1692
1672171698.0,0,1451
1671172698.0,1,395
1672315235.0,0,2081
1673886714.0,2,2117
1674489056.0,2,2119
1671226393.0,3,1771
1672600069.0,0,1038
1671294585.0,2,1554
1674468667.0,2,1546
1673429020.0,2,906
1673456506.0,2,50
1671472673.0,2,273
1672091556.0,0,1088
1673719009.0,0,2091
1674631985.0,2,343
1671051932.0,2,1990
1671379004.0,0,1488
1672171605.0,0,366
1677576248.0,1,32
1671471757.0,2,1254
1673457536.0,2,1110
1673456766.0,2,2206
1672170186.0,2,883
1674065209.0,2,110
1673610949.0,0,641
1672055108.0,2,1988
1671136193.0,2,325
1673466100.0,2,1808
1673862827.0,0,1730
1673899034.0,2,311
1677052411.0,1,1435
1672775566.0,2,848
1672613219.0,0,1226
1671293560.0,2,512
1671379327.0,0,2161
1671213768.0,1,445
1672300981.0,3,491
1671960996.0,0,147
1671126178.0,1,817
1673898737.0,2,617
1671213808.0,1,813
1670329474.0,1,1533
1672055108.0,2,253
1674161940.0,0,2002
1672841336.0,2,1962
1673591605.0,0,1630
1674468667.0,2,1906
1671121862.0,2,1100
1672774842.0,0,755
1677712993.0,1,949
1673456506.0,2,1766
1674334519.0,2,268
1673351861.0,0,958
1674334180.0,2,486
1673351170.0,0,461
1670851300.0,3,1664
1674489056.0,2,1546
1672774842.0,0,123
1670851314.0,3,2173
1670851314.0,3,1043
1673985516.0,2,1214
1673994908.0,0,1396
1672170186.0,2,1516
1677713481.0,1,2102
1671796321.0,0,1925
1674042548.0,0,136
1673899025.0,2,189
1672600106.0,0,1070
1671294585.0,2,1967
1671293560.0,2,318
1672613219.0,0,672
1670002286.0,1,465
1673956922.0,0,2201
1674042548.0,0,1343
1671473018.0,2,188
1672752525.0,0,615
1671222868.0,1,1231
1671220310.0,2,1633
1673886766.0,2,1157
1673718527.0,0,1836
1671312659.0,1,1042
1672825314.0,0,1163
1673814862.0,0,1467
1672840074.0,2,1351
1674066452.0,2,2149
1674044017.0,0,560
1674044002.0,0,894
1672321991.0,3,1820
1672698107.0,0,1066
1673349089.0,2,449
1671292434.0,2,393
1671293446.0,2,1368
1673718581.0,0,356
1673717700.0,2,158
1671293560.0,2,1803
1673810839.0,2,470
1672820739.0,0,1866
1676725695.0,1,1021
1672763484.0,2,19
1672840570.0,2,1900
1674161637.0,0,601
1671222868.0,1,835
1674161848.0,0,982
1673610298.0,0,1633
1674161637.0,0,2117
1673886714.0,2,951
1673886741.0,2,970
1672171698.0,0,177
1677009724.0,1,1943
1671223101.0,1,284
1672074415.0,2,2207
1671394063.0,0,628
1671272272.0,0,548
1673862827.0,0,1821
1672999209.0,2,16
1672762897.0,2,2012
1672763484.0,2,1275
1673124289.0,2,492
1671370210.0,2,454
1670621301.0,1,1268
1673956164.0,0,128
1677052411.0,1,416
1672841336.0,2,754
1674040716.0,2,1547
1673015109.0,2,292
1674042799.0,0,1124
1672845101.0,0,1276
1670333203.0,1,587
1674495872.0,2,453
1672924905.0,2,110
1673899293.0,2,967
1671471927.0,2,1754
1673611276.0,0,1435
1672613219.0,0,2148
1673352768.0,0,1263
1674489088.0,2,1064
1673901040.0,2,833
1673351170.0,0,749
1677051928.0,1,1283
1672762850.0,0,479
1673870430.0,0,150
1673869264.0,0,1504
1673124289.0,2,565
1671359674.0,0,424
1672608769.0,0,2120
1672674180.0,3,2072
1671283007.0,3,755
1673042299.0,0,128
1672763484.0,2,948
1671293385.0,2,618
1673045403.0,0,183
1671359674.0,0,1493
1672908455.0,2,1390
1673811250.0,2,1037
1672580912.0,0,4
1673045403.0,0,744
1673042372.0,0,645
1672840907.0,2,1254
1672840074.0,2,1427
1673801176.0,0,1130
1672840265.0,2,188
1671960907.0,0,44
1670796723.0,3,20
1672924905.0,2,1870
1671220310.0,2,213
1672764278.0,2,1110
1677192849.0,1,271
1670003072.0,1,654
1673985595.0,2,1342
1672306921.0,0,2221
1671135589.0,2,108
1672698107.0,0,478
1672924844.0,2,1772
1672688436.0,2,946
1673899526.0,2,1820
1672300981.0,3,1082
1672585584.0,0,1482
1672074531.0,2,800
1672601190.0,0,726
1672332499.0,2,2069
1673358550.0,2,1607
1671200237.0,2,1579
1673639546.0,2,2159
1672171895.0,0,552
1672774842.0,0,602
1670855398.0,3,1433
1673984787.0,2,2205
1674489056.0,2,651
1671361000.0,2,1183
1671451733.0,0,1836
1671291894.0,1,685
1673994908.0,0,878
1673717994.0,2,1701
1671213274.0,2,1492
1672752525.0,0,246
1672008250.0,3,1995
1673351861.0,0,231
1671609059.0,0,1647
1672840355.0,2,83
1673717070.0,2,726
1673610788.0,0,1968
1673984716.0,2,1600
1672585584.0,0,1277
1671137933.0,2,344
1671136586.0,2,10
1673899526.0,2,1157
1669918252.0,1,1269
1671291376.0,1,974
1671465461.0,3,757
1670882626.0,1,1690
1670882626.0,1,1763
1671213331.0,2,1130
1671291376.0,1,280
1671472887.0,2,29
1672171895.0,0,607
1672315235.0,0,2076
1672674180.0,3,1391
1671051932.0,2,340
1671014370.0,3,2147
1671172698.0,1,1886
1673718527.0,0,660
1673351678.0,0,897
1672091499.0,0,960
1673358601.0,2,476
1671121862.0,2,1174
1672315235.0,0,675
1676998019.0,1,217
1671122429.0,2,147
1673800213.0,0,825
1672820709.0,0,1756
1670881563.0,3,1771
1671360709.0,2,158
1672008250.0,3,906
1673611345.0,0,1474
1673956795.0,0,101
1670932827.0,3,360
1673457536.0,2,1466
1673985466.0,2,274
1672820670.0,0,115
1673994884.0,0,744
1671222207.0,2,1215
1674334597.0,2,159
1673718581.0,0,46
1672938938.0,2,1155
1672855144.0,3,1749
1673015227.0,2,1439
1672332499.0,2,826
1676120345.0,1,298
1673957007.0,0,693
1673611345.0,0,761
1673776085.0,2,419
1672840159.0,2,2113
1676120345.0,1,569
1671370359.0,3,123
1672844993.0,0,1984
1676294565.0,1,750
1672920254.0,0,956
1671291894.0,1,120
1672908455.0,2,1050
1671293594.0,2,2157
1673042299.0,0,1208
1672999209.0,2,2117
1674027471.0,0,1431
1671292434.0,2,1925
1672580912.0,0,912
1671294140.0,2,2050
1673814862.0,0,1247
1671144797.0,1,340
1672332786.0,2,352
1672054985.0,2,1047
1672999156.0,2,279
1673869308.0,0,101
1672762850.0,0,1223
1673869264.0,0,982
1677192849.0,1,47
1672254246.0,0,187
1671360709.0,2,1424
1672762897.0,2,990
1672763962.0,2,1982
1671391066.0,0,1153
1672938938.0,2,1071
1673985595.0,2,1598
1672332450.0,2,1844
1676723548.0,1,1648
1672938938.0,2,2082
1672840386.0,2,307
1672840201.0,2,1929
1674161573.0,0,487
1673124122.0,2,1524
1672332450.0,2,1011
1673984787.0,2,1765
1671135589.0,2,1951
1674042799.0,0,916
1673717233.0,2,1728
1671472826.0,2,1615
1673810958.0,2,622
1671294640.0,2,959
1672332450.0,2,957
1677051928.0,1,695
1670002286.0,1,905
1673870326.0,0,2086
1677712993.0,1,757
1677140815.0,1,247
1672072924.0,3,678
1672055108.0,2,896
1673869308.0,0,1160
1674064953.0,2,341
1673112815.0,0,701
1671136193.0,2,729
1671212048.0,1,1929
1673898737.0,2,403
1672172329.0,3,1749
1672171895.0,0,729
1671960740.0,0,760
1673557942.0,0,1106
1673811250.0,2,923
1673985466.0,2,1803
1670881563.0,3,644
1671378973.0,0,199
1671472826.0,2,1043
1673942644.0,2,475
1671361501.0,2,2116
1671292338.0,2,1946
1670855398.0,3,1841
1672850832.0,0,1804
1672091499.0,0,1833
1673591605.0,0,1287
1672676378.0,0,764
1669918252.0,1,16
1673466100.0,2,2177
1671213768.0,1,663
1672850509.0,0,1183
1672763026.0,0,140
1672765301.0,0,1740
1672685220.0,0,403
1671213230.0,2,930
1671223101.0,1,850
1671222490.0,1,1355
1672229090.0,0,1965
1672055188.0,2,1435
1672924844.0,2,437
1671213808.0,1,1745
1672008248.0,3,2081
1673348697.0,2,1292
1673984716.0,2,2133
1673610298.0,0,1190
1672850321.0,0,2201
1673124122.0,2,1053
1672306921.0,0,1882
1671296186.0,2,2002
1677051815.0,1,428
1673985466.0,2,634
1670333203.0,1,226
1673995118.0,0,500
1671360738.0,2,101
1672314980.0,0,1858
1671361501.0,2,2100
1671123533.0,2,1303
1671123455.0,2,1202
1670329248.0,1,825
1673900077.0,2,750
1671126080.0,1,153
1671213808.0,1,1069
1671122429.0,2,218
1674042100.0,0,1690
1673957202.0,0,1508
1674042799.0,0,714
1671213230.0,2,1212
1673639546.0,2,7
1671293385.0,2,1731
1670869191.0,1,2192
1673800213.0,0,1228
1671285371.0,2,122
1671172698.0,1,627
1672054939.0,2,1680
1673112815.0,0,183
1671123701.0,2,936
1673994908.0,0,407
1672820739.0,0,1706
1676310882.0,1,893
1671290959.0,1,68
1671977902.0,0,507
1671359609.0,0,1458
1671360709.0,2,1525
1674334180.0,2,1234
1673591690.0,0,232
1671359949.0,1,788
1673900077.0,2,298
1670869191.0,1,50
1672254181.0,0,1995
1676725695.0,1,631
1676880185.0,1,126
1674042799.0,0,1082
1674043969.0,0,477
1673352611.0,0,1951
1673901040.0,2,1717
1673611276.0,0,1533
1674162572.0,0,983
1673814476.0,0,538
1676998019.0,1,1726
1674161940.0,0,1726
1672736400.0,0,1588
1673776386.0,2,1870
1671307646.0,2,1312
1674044017.0,0,634
1673349380.0,2,1725
1671123455.0,2,1934
1670621301.0,1,2091
1676725499.0,1,1027
1673810709.0,2,209
1676134694.0,1,200
1673994884.0,0,1234
1672761652.0,0,607
1673810839.0,2,298
1672332707.0,2,236
1672763610.0,2,995
1673899034.0,2,2062
1672074635.0,2,28
1671294227.0,2,359
1672908455.0,2,778
1676965543.0,1,1690
1672820670.0,0,365
1672763038.0,2,19
1670269440.0,1,1144
1674468667.0,2,391
1671960740.0,0,1204
1670333203.0,1,341
1673794870.0,0,1548
1673956961.0,0,1195
1671136771.0,2,1062
1672999156.0,2,204
1671121800.0,2,750
1674334597.0,2,1209
1671212048.0,1,2064
1673901040.0,2,38
1672600966.0,0,815
1673610726.0,0,1499
1671213274.0,2,490
1672170186.0,2,1185
1673811293.0,2,2078
1671296186.0,2,1075
1671473018.0,2,1097
1671136586.0,2,1268
1673015227.0,2,154
1671137933.0,2,995
1672229090.0,0,729
1671172698.0,1,991
1674468714.0,2,198
1672775566.0,2,1229
1670885023.0,1,1969
1674496616.0,2,904
1672840355.0,2,530
1671295140.0,2,1096
1672825314.0,0,2079
1673042372.0,0,62
1672925139.0,2,1897
1672091556.0,0,1611
1672776294.0,3,1378
1670885023.0,1,1466
1672845121.0,0,1713
1672845324.0,0,1354
1674333506.0,2,2145
1670003233.0,1,444
1677192916.0,1,1817
1674064908.0,2,726
1674064953.0,2,902
1674040716.0,2,1680
1672920195.0,0,1718
1672761652.0,0,530
1673993752.0,0,1318
1674066383.0,2,2184
1674228431.0,2,583
1672836478.0,3,1978
1677052411.0,1,984
1671360033.0,0,909
1673814476.0,0,1137
1672764278.0,2,1794
1671139414.0,1,937
1671292434.0,2,189
1677051928.0,1,817
1673689929.0,0,825
1672763038.0,2,1247
1674066514.0,2,1208
1671172003.0,1,1935
1674066514.0,2,1791
1673352352.0,0,461
1673899097.0,2,707
1671960740.0,0,1412
1672938394.0,2,602
1672601878.0,0,1964
1672764278.0,2,1483
1677192916.0,1,1331
1674488483.0,2,365
1671052238.0,2,889
1672170186.0,2,716
1670267128.0,1,1487
1671121800.0,2,2041
1672774550.0,0,566
1671360033.0,0,1148
1671172172.0,1,266
1672820670.0,0,2048
1672840265.0,2,982
1671293292.0,2,1011
1674468714.0,2,575
1672752387.0,0,855
1671379503.0,0,216
1671293446.0,2,1160
1670002286.0,1,951
1673995118.0,0,815
1677051815.0,1,1251
1674043638.0,0,1772
1673899293.0,2,722
1673899025.0,2,1177
1673113048.0,0,912
1671212048.0,1,65
1670329248.0,1,454
1673993752.0,0,797
1672925093.0,2,1963
1673349138.0,2,1446
1677713577.0,1,2115
1677009581.0,1,1217
1673610726.0,0,617
1673348947.0,2,305
1677576183.0,1,1547
1672840570.0,2,370
1671052161.0,2,842
1670267128.0,1,1542
1672825764.0,0,1368
1672096168.0,0,855
1671399691.0,3,418
1671144605.0,1,764
1673717233.0,2,1655
1672941540.0,0,91
1676725695.0,1,2159
1673810709.0,2,1349
1672171895.0,0,748
1671960996.0,0,110
1677176053.0,1,1947
1676880185.0,1,207
1677617414.0,1,2220
1672763962.0,2,1406
1671226393.0,3,1424
1671272272.0,0,1481
1674161637.0,0,1815
1674631985.0,2,61
1671307429.0,0,1938
1673900750.0,2,497
1671222868.0,1,1753
1671144605.0,1,2168
1676880185.0,1,1474
1671285296.0,2,878
1670750816.0,1,187
1672840265.0,2,660
1671291376.0,1,1683
1670851314.0,3,1156
1673386417.0,0,304
1674507976.0,2,1701
1673956922.0,0,305
1674044002.0,0,292
1673466336.0,2,948
1672580912.0,0,997
1673899097.0,2,634
1673113866.0,0,748
1671451496.0,0,401
1672074597.0,2,128
1674066514.0,2,1197
1671226393.0,3,1080
1673814476.0,0,1034
1671200420.0,2,2209
1672674180.0,3,37
1670883910.0,1,1544
1670885023.0,1,171
1672055108.0,2,1681
1674066452.0,2,1408
1673349380.0,2,651
1671172428.0,1,1855
1671126080.0,1,1517
1673984787.0,2,1884
1672074597.0,2,1767
1672920254.0,0,1231
1673120735.0,2,1547
1672601190.0,0,360
1672601127.0,0,932
1673611345.0,0,62
1672938293.0,2,1978
1673955995.0,0,160
1672074635.0,2,936
1674066183.0,2,2173
1670758720.0,1,1492
1670494284.0,1,1394
1673717070.0,2,1253
1671360033.0,0,1615
1670267128.0,1,1049
1672314980.0,0,1343
1672938938.0,2,1614
1671361551.0,2,818
1673910544.0,0,361
1677051723.0,1,689
1677051723.0,1,1976
1672613295.0,0,1682
1671394063.0,0,380
1674488483.0,2,1796
1673984716.0,2,2098
1672763026.0,0,1241
1672254181.0,0,1774
1671200237.0,2,791
1673045403.0,0,356
1672763038.0,2,1750
1674066183.0,2,2102
1673557942.0,0,1587
1671172172.0,1,351
1674042109.0,0,1184
1673810933.0,2,1355
1671295140.0,2,1368
1671136771.0,2,1276
1673942644.0,2,328
1674489088.0,2,363
1672096168.0,0,1377
1671379327.0,0,508
1672300981.0,3,964
1672600069.0,0,1528
1671136586.0,2,1192
1672698107.0,0,987
1671136313.0,2,743
1671222868.0,1,1709
1672601878.0,0,485
1673886766.0,2,647
1671172172.0,1,2062
1676725499.0,1,979
1672171698.0,0,1633
1672008248.0,3,284
1673810709.0,2,39
1674130738.0,0,121
1672938293.0,2,1013
1670269440.0,1,145
1671144484.0,1,1949
1671796321.0,0,1266
1673717233.0,2,534
1673351170.0,0,764
1672008250.0,3,1190
1671362320.0,2,1113
1673639546.0,2,1027
1673995118.0,0,705
1672840386.0,2,1081
1671295576.0,2,1554
1672229526.0,0,1135
1673348697.0,2,229
1673349089.0,2,399
1671135589.0,2,593
1673351747.0,0,478
1671121750.0,2,450
1673810958.0,2,1028
1673359699.0,0,1709
1670882626.0,1,522
1672008248.0,3,1793
1671222490.0,1,1552
1674161573.0,0,1885
1671451496.0,0,203
1669543283.0,1,1387
1672763038.0,2,1781
1672841336.0,2,1965
1672752387.0,0,28
1671290959.0,1,2003
1671379065.0,0,711
1671291894.0,1,1458
1671223101.0,1,507
1674337220.0,2,339
1673718545.0,0,288
1674158137.0,2,1148
1673985466.0,2,1349
1674333634.0,2,1336
1671135589.0,2,2217
1671123455.0,2,714
1673898737.0,2,772
1673113048.0,0,1141
1673800213.0,0,835
1673112815.0,0,1073
1673351678.0,0,710
1673456810.0,2,458
1674042100.0,0,440
1671370359.0,3,605
1673811250.0,2,143
1670623684.0,1,18
1672055188.0,2,1508
1674066183.0,2,83
1673899293.0,2,1192
1672925229.0,2,19
1672685220.0,0,1347
1671200420.0,2,1799
1671200633.0,2,1799
1671213331.0,2,1518
1674162572.0,0,1854
1671473018.0,2,405
1674161573.0,0,1150
1677051815.0,1,1517
1677712724.0,1,1429
1673717017.0,2,629
1671222490.0,1,1130
1673611440.0,0,1175
1672920195.0,0,1174
1673956922.0,0,1797
1674042217.0,0,1139
1672844993.0,0,879
1672825764.0,0,1624
1673956860.0,0,38
1671294227.0,2,973
1673869308.0,0,1879
1673862827.0,0,840
1673899034.0,2,173
1671126080.0,1,361
1672600847.0,0,2127
1674043638.0,0,407
1672840074.0,2,1170
1671451534.0,0,1853
1672585622.0,0,934
1674040614.0,2,2014
1673811293.0,2,730
1673990045.0,2,658
1671313191.0,1,607
1674468714.0,2,712
1670932823.0,3,2020
1671136313.0,2,1465
1672229090.0,0,1960
1671294227.0,2,80
1670329474.0,1,997
1673351170.0,0,1309
1671399691.0,3,318
1672845101.0,0,1391
1673801176.0,0,1534
1671360033.0,0,401
1671360882.0,2,248
1674066452.0,2,774
1674468667.0,2,733
1671123701.0,2,1765
1672670686.0,3,42
1673776182.0,2,924
1670358639.0,1,760
1671294585.0,2,1197
1674040660.0,2,18
1671312659.0,1,2213
1670333203.0,1,666
1672254246.0,0,1960
1671391066.0,0,1192
1672585622.0,0,720
1671213274.0,2,2144
1673113866.0,0,639
1673466336.0,2,1919
1673430122.0,0,312
1673899935.0,2,1781
1673351861.0,0,1268
1672171605.0,0,792
1673124289.0,2,238
1673120735.0,2,1218
1673591690.0,0,1012
1671379004.0,0,500
1672820739.0,0,728
1671213768.0,1,143
1674043097.0,0,249
1672096168.0,0,437
1673113866.0,0,1985
1672091556.0,0,1297
1673351678.0,0,2184
1673611402.0,0,788
1673610788.0,0,882
1670932827.0,3,1075
1673386417.0,0,466
1670869191.0,1,893
1672314980.0,0,932
1677712993.0,1,130
1673455749.0,2,1537
1671136771.0,2,327
1673359699.0,0,1218
1671172428.0,1,2096
1671370359.0,3,1431
1671360882.0,2,979
1673898737.0,2,1750
1677140877.0,1,833
1677713577.0,1,1499
1677176053.0,1,208
1677576183.0,1,1884
1673124122.0,2,2058
1673900077.0,2,418
1672074531.0,2,893
1672072924.0,3,277
1674334893.0,2,2183
1673591690.0,0,614
1673557942.0,0,1555
1671223101.0,1,1118
1672321991.0,3,706
1671360738.0,2,2002
1676310882.0,1,731
1671960907.0,0,169
1672074531.0,2,271
1670003233.0,1,686
1671272272.0,0,2142
1673865544.0,0,160
1677192849.0,1,1159
1673351747.0,0,1394
1671172003.0,1,988
1672775566.0,2,804
1671294640.0,2,962
1672920195.0,0,474
1673964129.0,2,1433
1671379503.0,0,561
1673124289.0,2,1522
1674468604.0,2,2111
1674334519.0,2,465
1673358550.0,2,2171
1669918252.0,1,94
1670797435.0,3,380
1673348905.0,2,1921
1673348947.0,2,1146
1672601790.0,0,886
1671565998.0,2,766
1670269440.0,1,2177
1672613219.0,0,617
1673776400.0,2,1346
1673984716.0,2,727
1670932827.0,3,923
1674488483.0,2,919
1673360652.0,0,1613
1671291376.0,1,249
1672920254.0,0,1554
1674161848.0,0,2034
1674040660.0,2,1886
1674027471.0,0,1571
1673810958.0,2,1336
1671359609.0,0,1394
1670003072.0,1,1169
1674337682.0,2,569
1673717791.0,2,323
1670882626.0,1,361
1673591605.0,0,1443
1671472591.0,2,419
1673956311.0,0,93
1673719038.0,0,299
1672752387.0,0,970
1674162572.0,0,351
1671293594.0,2,1726
1671451534.0,0,318
1672941540.0,0,2130
1673610289.0,0,303
1673466100.0,2,1217
1671307429.0,0,391
1671313191.0,1,1082
1672999209.0,2,160
1674161637.0,0,1182
1673386812.0,0,346
1673990045.0,2,1390
1673042372.0,0,1428
1672581000.0,0,1876
1677051928.0,1,614
1672999156.0,2,1037
1672845101.0,0,969
1674161848.0,0,1893
1671391066.0,0,405
1673611402.0,0,2216
1672938394.0,2,219
1672925229.0,2,122
1672925093.0,2,1903
1673351845.0,0,2080
1671222207.0,2,1560
1673610289.0,0,967
1674066383.0,2,136
1672763484.0,2,813
1672765301.0,0,1203
1671139414.0,1,2214
1670003233.0,1,1431
1672938293.0,2,1360
1672841098.0,2,1487
1672613295.0,0,2001
1670003072.0,1,1065
1671213274.0,2,1064
1673899526.0,2,137
1671379065.0,0,1527
1671362320.0,2,865
1670623684.0,1,197
1670623684.0,1,300
1672763610.0,2,2014
1672925093.0,2,1226
1673352352.0,0,2168
1673349380.0,2,1103
1672171605.0,0,1781
1674042109.0,0,479
1673899935.0,2,2021
1671136193.0,2,1984
1673351845.0,0,1765
1671121862.0,2,1397
1672074415.0,2,1708
1673349089.0,2,1041
1673611276.0,0,1994
1673113048.0,0,1964
1673428936.0,2,352
1671451733.0,0,951
1674040469.0,2,1803
1674158219.0,2,2151
1672054939.0,2,1506
1672925229.0,2,1878
1672850253.0,0,1902
1672698207.0,0,1819
1672601790.0,0,1595
1670329248.0,1,380
1671136586.0,2,791
1673360652.0,0,1833
1672600925.0,0,756
1672836478.0,3,1333
1674042109.0,0,181
1671360738.0,2,1844
1672762850.0,0,1932
1672776294.0,3,2095
1671359949.0,1,428
1671285371.0,2,303
1671295576.0,2,324
1673045403.0,0,762
1673349380.0,2,377
1674334519.0,2,958
1672840355.0,2,1537
1671123533.0,2,789
1671285371.0,2,1481
1674468758.0,2,2156
1672608769.0,0,1382
1672608769.0,0,343
1671172003.0,1,1740
1673717168.0,2,527
1669103291.0,1,1169
1671359609.0,0,1517
1670855398.0,3,1947
1672924905.0,2,181
1674064953.0,2,2000
1672332450.0,2,458
1673789259.0,0,695
1670883910.0,1,226
1674333887.0,2,1021
1673910544.0,0,1676
1672171605.0,0,1100
1671272272.0,0,722
1672300981.0,3,863
1672332707.0,2,741
1672698207.0,0,90
1672601127.0,0,1248
1674136621.0,0,1412
1677140815.0,1,973
1673430122.0,0,1569
1670329474.0,1,538
1671136313.0,2,855
1672925093.0,2,1604
1671361000.0,2,956
1676725499.0,1,1240
1671360709.0,2,177
1672938293.0,2,986
1673956860.0,0,788
1671136193.0,2,1163
1673886714.0,2,1090
1673352768.0,0,2184
1673351678.0,0,79
1673610726.0,0,429
1673360652.0,0,533
1673985595.0,2,2019
1671362320.0,2,405
1671014370.0,3,2027
1671172172.0,1,581
1677192849.0,1,1736
1673466336.0,2,878
1677192916.0,1,1318
1673456810.0,2,1363
1672676738.0,0,1223
1673985595.0,2,547
1673456810.0,2,419
1673900077.0,2,1220
1674334893.0,2,2017
1671362320.0,2,186
1672314980.0,0,94
1673718830.0,0,1875
1673955989.0,0,1815
1671451534.0,0,1214
1673985516.0,2,90
1671451534.0,0,1248
1673611440.0,0,96
1674043714.0,0,1871
1672841098.0,2,1745
1673457536.0,2,1248
1674042100.0,0,1354
1670621301.0,1,1223
1676134694.0,1,1510
1671292338.0,2,240
1672306921.0,0,2157
1671291894.0,1,1042
1673776023.0,2,1012
1673865544.0,0,1297
1674136613.0,0,1710
1674043989.0,0,2016
1672845101.0,0,1766
1672840386.0,2,396
1671293292.0,2,1268
1671122912.0,2,2199
1673719009.0,0,42
1671121750.0,2,302
1670358639.0,1,2098
1672840265.0,2,1499
1677140815.0,1,1251
1670621301.0,1,461
1673881290.0,2,221
1673042372.0,0,758
1671294585.0,2,1033
1671796918.0,0,1080
1671144484.0,1,343
1671359609.0,0,1177
1671379327.0,0,2029
1673794870.0,0,182
1670358639.0,1,1830
1672763026.0,0,522
1672315235.0,0,2027
1676725694.0,1,156
1674161940.0,0,2186
1671471927.0,2,1026
1673956164.0,0,1702
1673955950.0,0,1096
1673611440.0,0,2012
1672608769.0,0,644
1671213808.0,1,1778
1671451496.0,0,609
1677009987.0,1,2110
1674040614.0,2,1880
1677713575.0,1,1795
1674042548.0,0,984
1677576183.0,1,1812
1673015109.0,2,1483
1677051723.0,1,1931
1671391066.0,0,1754
1671394063.0,0,1680
1671226264.0,3,405
1673466336.0,2,1774
1672845324.0,0,722
1673015109.0,2,460
1673990045.0,2,1280
1674042217.0,0,935
1674507976.0,2,37
1672763610.0,2,88
1674333506.0,2,1402
1671213331.0,2,2141
1677052411.0,1,1903
1673899034.0,2,128
1671295140.0,2,83
1673358601.0,2,2109
1671285296.0,2,247
1672600703.0,0,1115
1676294568.0,1,135
1673899097.0,2,261
1671307646.0,2,197
1672585584.0,0,645
1671292434.0,2,234
1672074635.0,2,111
1671200237.0,2,1761
1671200633.0,2,1934
1671307487.0,0,1153
1674043097.0,0,2058
1673869216.0,0,1738
1673956961.0,0,1190
1673042299.0,0,1007
1672054985.0,2,1064
1672054939.0,2,857
1672581000.0,0,951
1673349138.0,2,390
1673717548.0,2,899
1673956157.0,0,1753
1674495872.0,2,1532
1672332499.0,2,811
1672601878.0,0,2089
1671213230.0,2,2188
1674468714.0,2,2056
1671051988.0,2,1351
1671051840.0,2,559
1672228209.0,3,1854
1672096168.0,0,571
1671379004.0,0,2043
1672859443.0,0,2113
1671123455.0,2,898
1671144797.0,1,1462
1673015227.0,2,917
1671378973.0,0,900
1671137933.0,2,1164
1671121862.0,2,1303
1672054939.0,2,985
1673351845.0,0,324
1672585622.0,0,491
1671378973.0,0,843
1674066383.0,2,1855
1671122429.0,2,228
1673994884.0,0,1213
1673717791.0,2,1114
1672850373.0,0,1559
1671172428.0,1,204
1671977842.0,0,230
1673359699.0,0,69
1672676768.0,0,217
1672845324.0,0,1391
1673865544.0,0,1649
1672850509.0,0,2012
1671312659.0,1,754
1673886714.0,2,2102
1673428936.0,2,1792
1672752395.0,0,1917
1673124122.0,2,935
1672850373.0,0,1968
1672074531.0,2,1772
1671200237.0,2,1930
1672999156.0,2,1794
1671465461.0,3,316
1673886766.0,2,770
1673886741.0,2,217
1672321991.0,3,1585
1671472826.0,2,1079
1672840570.0,2,1240
1671173039.0,1,1241
1674161573.0,0,234
1671796918.0,0,2186
1670932823.0,3,171
1674333887.0,2,643
1671379004.0,0,1999
1671122912.0,2,1534
1674043989.0,0,1546
1673811250.0,2,226
1673800213.0,0,1043
1674468758.0,2,1253
1673942644.0,2,901
1671122912.0,2,2135
1674337220.0,2,1605
1670758720.0,1,1239
1673717017.0,2,1683
1674334519.0,2,434
1673352768.0,0,130
1674043714.0,0,2021
1671960996.0,0,1024
1672925139.0,2,1875
1671222207.0,2,864
1671451496.0,0,1827
1673611345.0,0,284
1672074415.0,2,1587
1673358601.0,2,1708
1673718649.0,0,478
1671213768.0,1,1761
1671472591.0,2,1717
1671379065.0,0,797
1672172329.0,3,1133
1671290959.0,1,787
1672836478.0,3,198
1671200633.0,2,466
1673717017.0,2,2056
1671361551.0,2,201
1671122429.0,2,1491
1672840907.0,2,2180
1677617414.0,1,1759
1674043097.0,0,1338
1672845324.0,0,1303
1670881563.0,3,828
1674042217.0,0,1249
1674042109.0,0,1005
1670003233.0,1,1327
1671283007.0,3,2142
1670869191.0,1,1825
1671797003.0,0,636
1671294640.0,2,83
1673942644.0,2,165
1673862827.0,0,261
1677176053.0,1,1940
1671399691.0,3,352
1670883910.0,1,1948
1674065164.0,2,867
1671294227.0,2,1688
1677009581.0,1,1559
1672855144.0,3,1079
1674161848.0,0,1177
1671144797.0,1,641
1672999209.0,2,2158
1673870411.0,0,595
1671220310.0,2,2047
1673899293.0,2,1201
1677712831.0,1,885
1672840386.0,2,930
1673810839.0,2,1517
1674496616.0,2,506
1673955989.0,0,855
1677617414.0,1,1375
1677140877.0,1,2014
1672840159.0,2,1465
1677712724.0,1,804
1674334893.0,2,1275
1674495872.0,2,818
1673794870.0,0,1527
1672600433.0,0,630
1672601127.0,0,1338
1672229526.0,0,1271
1674042100.0,0,1110
1674042217.0,0,816
1672925139.0,2,1488
1669918252.0,1,1468
1673900750.0,2,778
1673113866.0,0,1012
1672091499.0,0,565
1671307487.0,0,2171
1672736400.0,0,120
1673112815.0,0,1769
1671136313.0,2,2135
1674228431.0,2,1228
1673985516.0,2,1370
1670329248.0,1,1024
1672074635.0,2,804
1671285230.0,2,316
1673015227.0,2,1439
1673610298.0,0,593
1673801176.0,0,1550
1671394126.0,0,658
1673814476.0,0,1488
1673358550.0,2,2089
1671123533.0,2,1247
1672920254.0,0,1152
1674468604.0,2,1818
1672074597.0,2,614
1673899935.0,2,1642
1670267128.0,1,1358
1672925229.0,2,1632
1672850373.0,0,647
1672600966.0,0,1386
1677140877.0,1,213
1670851314.0,3,165
1673457536.0,2,90
1673591690.0,0,1873
1672676738.0,0,639
1672752395.0,0,230
1676725695.0,1,550
1673957327.0,0,1039
1672581000.0,0,1518
1673349089.0,2,2109
1671290959.0,1,973
1672762850.0,0,1057
1671121750.0,2,617
1671960907.0,0,1253
1674468758.0,2,1070
1670358639.0,1,238
1672920195.0,0,267
1673990045.0,2,1786
1671361551.0,2,986
1673776182.0,2,937
1672938394.0,2,410
1670621398.0,1,1687
1670855398.0,3,905
1672774550.0,0,1872
1672776294.0,3,187
1673456506.0,2,561
1671293385.0,2,331
1676725499.0,1,1007
1671293292.0,2,2079
1673984787.0,2,1744
1673113048.0,0,522
1671293446.0,2,2168
1671126178.0,1,771
1673352352.0,0,453
1672698207.0,0,1147
1671126178.0,1,711
1672674180.0,3,909
1677576248.0,1,1882
1672613295.0,0,466
1673886741.0,2,1366
1674488483.0,2,1759
1672825764.0,0,930
1671294140.0,2,898
1673610949.0,0,2120
1673776400.0,2,1585
1671313191.0,1,1318
1671370210.0,2,425
1671977902.0,0,2223
1673955989.0,0,510
1673956311.0,0,2221
1674158264.0,2,530
1673610788.0,0,962
1677694781.0,1,876
1673358550.0,2,323
1671178042.0,1,1555
1677140815.0,1,264
1672850238.0,0,863
1671226264.0,3,2161
1672840159.0,2,589
1672332786.0,2,835
1671173039.0,1,530
1672820709.0,0,135
1672306921.0,0,995
1670881563.0,3,1896
1671222490.0,1,257
1673610298.0,0,79
1677192916.0,1,1827
1672054985.0,2,1803
1671285230.0,2,1715
1673993752.0,0,1415
1672924844.0,2,256
1671451733.0,0,1042
1672676378.0,0,1766
1673995118.0,0,1651
1671379503.0,0,738
1671293292.0,2,1080
1677713575.0,1,1458
1674044017.0,0,201
1671294140.0,2,571
1672762897.0,2,550
1672332499.0,2,1711
1674040660.0,2,2042
1672055188.0,2,989
1673352340.0,0,426
1672841336.0,2,1968
1670494469.0,1,514
1676725694.0,1,75
1671226393.0,3,283
1673611440.0,0,135
1673456327.0,2,2144
1670002286.0,1,1249
1670623684.0,1,663
1671136771.0,2,1974
1670750816.0,1,1929
1677712993.0,1,797
1671471757.0,2,1330
1671359674.0,0,1443
1672585622.0,0,2006
1671465461.0,3,1602
1676294568.0,1,673
1676294568.0,1,1517
1676294565.0,1,377
1671360882.0,2,1303
1673610726.0,0,857
1673985516.0,2,1680
1673386812.0,0,630
1673718830.0,0,2158
1671361501.0,2,1524
1673610949.0,0,1363
1671285371.0,2,1492
1673611402.0,0,117
1672763962.0,2,641
1672072924.0,3,204
1671126178.0,1,177
1674228431.0,2,2089
1672254246.0,0,1969
1671226264.0,3,611
1672677904.0,2,2179
1673776182.0,2,1554
1672613295.0,0,1110
1671960996.0,0,1077
1672581000.0,0,1825
1673348947.0,2,1566
1677140877.0,1,665
1671226264.0,3,1650
1672054985.0,2,1976
1672844993.0,0,158
1672332707.0,2,273
1674042548.0,0,486
1674507976.0,2,956
1671144605.0,1,1394
1672845121.0,0,1731
1673810839.0,2,771
1673956143.0,0,2210
1672841098.0,2,1994
1673810709.0,2,1156
1673886741.0,2,1794
1672091499.0,0,926
1671173039.0,1,1792
1673466100.0,2,454
1672698107.0,0,1381
1671212048.0,1,2078
1674468758.0,2,1093
1677712831.0,1,1891
1673717168.0,2,904
1671295576.0,2,44
1673042299.0,0,1840
1671121800.0,2,450
1673994884.0,0,593
1672172329.0,3,214
1672752387.0,0,985
1671144484.0,1,2093
1673639546.0,2,307
1673437255.0,0,1812
1677745167.0,1,787
1673810933.0,2,2020
1671123533.0,2,2075
1673717168.0,2,980
1672601190.0,0,246
1672332786.0,2,105
1677713577.0,1,1090
1672072924.0,3,991
1673610949.0,0,1328
1673776182.0,2,666
1671312659.0,1,1588
1672850373.0,0,2110
1673870411.0,0,2031
1672763962.0,2,1764
1671222207.0,2,842
1670797562.0,3,2108
1671108993.0,3,434
1672172329.0,3,1934
1673717700.0,2,1093
1673351747.0,0,1963
1670851300.0,3,2129
1671123701.0,2,1128
1677713481.0,1,175
1674489088.0,2,1555
1673456327.0,2,1351
1673900750.0,2,1796
1670329474.0,1,1266
1671139414.0,1,464
1673552693.0,2,2149
1671108993.0,3,1338
1672669465.0,3,1253
1673455749.0,2,1882
1672925139.0,2,1738
1673901040.0,2,236
1671379327.0,0,1392
1670932823.0,3,1229
1673524067.0,0,578
1673557942.0,0,1504
1670243221.0,1,246
1671623022.0,0,2116
1673455749.0,2,888
1672258617.0,2,74
1672820709.0,0,1273
1671379065.0,0,1166
1673523799.0,0,918
1673955989.0,0,92
1671191292.0,0,684
1671192296.0,0,1065
1673456327.0,2,2084
1674333506.0,2,699
1672924905.0,2,351
1677658822.0,1,389
1672676738.0,0,709
1672676768.0,0,1223
1672600703.0,0,1846
1673386417.0,0,1208
1671093279.0,1,1760
1672055188.0,2,672
1673349138.0,2,1387
1670797435.0,3,423
1673437408.0,0,1871
1671960907.0,0,569
1672667035.0,0,609
1671052161.0,2,1030
1671629428.0,3,655
1673348697.0,2,1943
1671815382.0,0,236
1669247608.0,1,1588
1671880319.0,2,1095
1674397865.0,2,1844
1671739063.0,3,811
1671014370.0,3,871
1673718649.0,0,1945
1672850253.0,0,1208
1671220310.0,2,1024
1674593715.0,2,1208
1673881290.0,2,189
1673994908.0,0,1381
1673718595.0,0,37
1672676816.0,2,793
1674337220.0,2,283
1672415293.0,2,593
1672414521.0,2,560
1673717168.0,2,7
1671370359.0,3,2110
1669421171.0,1,2209
1677781720.0,1,433
1677794885.0,1,2195
1672600703.0,0,2107
1672850253.0,0,4
1674334180.0,2,1758
1672769325.0,0,1179
1671745982.0,3,1827
1672600069.0,0,1625
1673899025.0,2,900
1670750816.0,1,437
1673352611.0,0,1440
1672774842.0,0,953
1673900750.0,2,898
1671052238.0,2,1637
1671379503.0,0,1443
1670705199.0,1,226
1669635742.0,1,1266
1670883910.0,1,1182
1671621002.0,0,2130
1677692678.0,1,307
1673352768.0,0,2070
1672229090.0,0,1607
1677781162.0,1,1332
1669616597.0,1,2209
1672171698.0,0,1503
1673359699.0,0,1792
1669928590.0,1,1505
1670941746.0,3,217
1677794994.0,1,1213
1677862645.0,1,364
1672228272.0,3,1920
1671191320.0,0,91
1673117442.0,0,1239
1669543283.0,1,1039
1671172003.0,1,1190
1674334597.0,2,811
1671745676.0,2,1894
1670964232.0,1,711
1671039461.0,1,264
1669247608.0,1,2096
1673591605.0,0,1965
1670743741.0,1,281
1672774550.0,0,351
1673437394.0,0,473
1669616692.0,1,1058
1673117442.0,0,637
1674200568.0,2,1935
1672443910.0,0,201
1674593960.0,2,273
1669420343.0,1,1409
1672414470.0,2,1976
1673993752.0,0,198
1673776085.0,2,941
1672688436.0,2,912
1671744559.0,2,410
1672148388.0,2,800
1669316019.0,1,54
1669189810.0,1,486
1671721618.0,3,187
1674337220.0,2,916
1672676816.0,2,1078
1672148388.0,2,1159
1677862839.0,1,1792
1669495524.0,1,2207
1671559011.0,2,1101
1671977842.0,0,2213
1672510563.0,0,1486
1669143501.0,1,2021
1672670686.0,3,1387
1677692678.0,1,1786
1677745167.0,1,406
1673429020.0,2,365
1673956277.0,0,2026
1670704801.0,1,797
1672677904.0,2,2102
1677951787.0,1,1825
1671191464.0,0,1730
1670013528.0,1,758
1672677106.0,2,2166
1672226789.0,0,1480
1672499480.0,2,359
1670919304.0,1,935
1671880381.0,2,11
1671745982.0,3,1929
1671744825.0,2,617
1672600069.0,0,1049
1677794735.0,1,1037
1671629428.0,3,536
1673865544.0,0,749
1671629428.0,3,283
1674200702.0,2,990
1674396051.0,2,1071
1672148434.0,2,983
1672683916.0,0,1361
1671191303.0,0,1794
1677780491.0,1,2075
1671636315.0,2,298
1668971894.0,1,363
1671642708.0,2,2072
1677952629.0,1,399
1673867227.0,2,273
1669146839.0,1,1474
1669400266.0,1,241
1674417028.0,2,1073
1671538424.0,0,2193
1672496915.0,0,102
1670362237.0,1,688
1677940251.0,1,873
1671652614.0,3,1758
1677952629.0,1,1494
1672680999.0,3,1178
1672656867.0,0,1427
1672656862.0,0,318
1672670686.0,3,1486
1673354422.0,0,2184
1671896428.0,3,62
1669747839.0,1,789
1671648093.0,3,1763
1673552693.0,2,1882
1677740142.0,1,1095
1671921081.0,0,1078
1671921081.0,0,160
1674593715.0,2,1087
1673957178.0,0,1079
1673956414.0,0,2095
1673961727.0,0,797
1671648093.0,3,960
1674417389.0,2,14
1672680999.0,3,2012
1672681002.0,3,1486
1672600433.0,0,1589
1670362237.0,1,33
1669053067.0,1,901
1672677164.0,2,311
1672600966.0,0,550
1672510563.0,0,128
1670795812.0,3,1432
1673417819.0,0,1279
1671977842.0,0,1500
1672646968.0,0,1289
1672668956.0,3,1195
1672769411.0,0,2198
1671642815.0,2,1159
1672496932.0,0,1203
1671820099.0,0,307
1672482291.0,3,660
1672154605.0,2,1055
1677695431.0,1,1431
1674383509.0,2,1506
1677862187.0,1,126
1669403041.0,1,1795
1677862753.0,1,488
1677862455.0,1,972
1673352340.0,0,1690
1671800691.0,3,726
1671710301.0,0,295
1674334180.0,2,102
1671530978.0,0,491
1672498953.0,2,74
1671559246.0,2,443
1671622852.0,0,230
1672600422.0,0,2117
1672680862.0,3,1814
1671106892.0,0,2170
1677795376.0,1,1714
1671558953.0,2,1062
1672646817.0,0,111
1672601878.0,0,1974
1669143501.0,1,956
1669189810.0,1,2078
1670704340.0,1,984
1669456948.0,1,985
1677745441.0,1,35
1672141584.0,0,1930
1673956143.0,0,257
1677951225.0,1,729
1673428936.0,2,1813
1671191886.0,0,1260
1673956837.0,0,1657
1672504349.0,0,273
1672506251.0,2,1611
1673117442.0,0,331
1670795812.0,3,2031
1671538424.0,0,1226
1672228272.0,3,169
1673552097.0,2,747
1672668956.0,3,1089
1672669884.0,3,1740
1674398020.0,2,1834
1673456766.0,2,658
1672415409.0,2,2108
1672142336.0,0,1737
1672141861.0,0,198
1673437408.0,0,1955
1671745054.0,2,1366
1674200568.0,2,1951
1673437898.0,0,1210
1673380731.0,2,1122
1677940251.0,1,1788
1671819937.0,0,1901
1672148388.0,2,1401
1672415293.0,2,1640
1672496870.0,0,639
1672496800.0,0,386
1672774622.0,0,907
1670704479.0,1,1204
1669050740.0,1,629
1669315479.0,1,1480
1672659787.0,2,1908
1672499076.0,2,165
1673437865.0,0,305
1671896425.0,3,1540
1673867662.0,2,1381
1671800691.0,3,550
1673525051.0,0,1522
1672257813.0,2,593
1672414521.0,2,2120
1671636315.0,2,217
1669495334.0,1,1128
1671051932.0,2,29
1672677904.0,2,1073
1672257813.0,2,2184
1671523614.0,0,1876
1669457233.0,1,1552
1672677106.0,2,1299
1671647572.0,3,1641
1671642708.0,2,1152
1669141007.0,1,811
1669141007.0,1,486
1669236620.0,1,2054
1671710162.0,0,1881
1671636595.0,2,1093
1671820792.0,0,891
1671629428.0,3,1676
1672141593.0,0,2116
1672659830.0,2,686
1673380224.0,2,1388
1673429020.0,2,1391
1671052238.0,2,811
1671538452.0,0,783
1671543133.0,2,319
1669141430.0,1,507
1671039031.0,3,561
1671710253.0,0,773
1669470650.0,1,1945
1673525089.0,0,1436
1670750816.0,1,2177
1671093279.0,1,1036
1673552808.0,2,1443
1672142336.0,0,1985
1673956277.0,0,1164
1677745901.0,1,1156
1671977078.0,0,825
1669659093.0,1,33
1671709998.0,0,228
1669470650.0,1,1926
1677740142.0,1,1526
1672226789.0,0,40
1669219492.0,1,898
1677779971.0,1,1203
1672656475.0,0,1589
1671040855.0,0,1380
1671559011.0,2,475
1669928374.0,1,773
1672498953.0,2,2184
1671709998.0,0,1830
1674333506.0,2,705
1672769306.0,0,1241
1671744825.0,2,1360
1671710046.0,0,661
1669470650.0,1,122
1672148093.0,2,241
1670709406.0,1,1152
1674593671.0,2,2091
1672443368.0,0,973
1673961727.0,0,1195
1671636595.0,2,1827
1669488531.0,1,2170
1672474495.0,0,1951
1674384096.0,2,173
1672688436.0,2,1271
1677940251.0,1,1536
1673437803.0,0,959
1677745901.0,1,1995
1670013528.0,1,1030
1671699462.0,0,956
1671636518.0,2,306
1677862187.0,1,1190
1673352340.0,0,1027
1673956311.0,0,293
1671710442.0,0,1079
1671709931.0,0,192
1671542829.0,3,1664
1677970703.0,1,1101
1671636680.0,2,488
1672680999.0,3,239
1671743899.0,2,339
1677655262.0,1,2224
1674417447.0,2,2156
1671920750.0,0,1853
1672769245.0,0,651
1671200420.0,2,1893
1672680859.0,3,389
1673957327.0,0,375
1672510563.0,0,1931
1677780079.0,1,860
1669421173.0,1,61
1672683797.0,0,2143
1671880319.0,2,2107
1672774828.0,0,1498
1672226819.0,0,199
1673955965.0,0,1570
1677970633.0,1,1884
1671051988.0,2,1143
1673437803.0,0,2118
1677794689.0,1,1707
1677794735.0,1,1149
1669143501.0,1,1678
1669455982.0,1,1534
1672601127.0,0,2142
1672148388.0,2,363
1670709738.0,1,108
1672677008.0,2,387
1670796723.0,3,1853
1671106558.0,0,1474
1672678000.0,0,643
1671559641.0,2,44
1672414521.0,2,548
1668984226.0,1,1215
1677951225.0,1,1834
1669058220.0,1,1771
1669488531.0,1,1022
1671636146.0,3,1231
1677940630.0,1,199
1669315479.0,1,1251
1669228439.0,1,973
1672415129.0,2,1756
1672258617.0,2,1097
1671744559.0,2,1366
1672850238.0,0,1818
1672668996.0,3,893
1671709931.0,0,323
1669236498.0,1,1410
1672258035.0,2,484
1677794994.0,1,1309
1670709229.0,1,943
1669659093.0,1,2067
1672416332.0,2,957
1669474753.0,1,1909
1671642815.0,2,1692
1672670686.0,3,484
1670704140.0,1,21
1671530978.0,0,610
1669470521.0,1,1503
1672254181.0,0,14
1671920750.0,0,1209
1674338833.0,2,843
1672405297.0,3,1548
1672414470.0,2,998
1672499076.0,2,1967
1671632906.0,3,1387
1672496800.0,0,2035
1671797003.0,0,104
1671710301.0,0,1951
1671709949.0,0,2001
1671710364.0,0,1969
1674417028.0,2,1667
1670941746.0,3,2183
1677862187.0,1,1454
1672676816.0,2,550
1669058220.0,1,2187
1677940630.0,1,587
1669228439.0,1,181
1672677259.0,2,312
1674593671.0,2,1850
1677712831.0,1,1199
1673867454.0,2,899
1673867291.0,2,1715
1672148093.0,2,2070
1677692678.0,1,1388
1671721618.0,3,25
1677780787.0,1,2168
1669746683.0,1,1418
1673870411.0,0,1354
1672680785.0,3,470
1672680859.0,3,832
1674396847.0,2,992
1673437255.0,0,360
1671106892.0,0,1941
1670795812.0,3,1760
1671648207.0,3,901
1670919244.0,1,1967
1669470650.0,1,601
1670796718.0,3,314
1669471056.0,1,1239
1672677106.0,2,94
1674337682.0,2,785
1674396732.0,2,388
1671636549.0,2,743
1670702883.0,1,207
1672655583.0,3,1115
1674384171.0,2,1203
1670743741.0,1,897
1669746683.0,1,1166
1674384171.0,2,1482
1673437255.0,0,207
1672504349.0,0,1028
1669228439.0,1,842
1671710253.0,0,208
1677920210.0,1,738
1671622852.0,0,2144
1677952629.0,1,319
1671819856.0,0,1618
1671743899.0,2,1511
1669236878.0,1,589
1672680862.0,3,1658
1673867662.0,2,1510
1673957007.0,0,371
1672680785.0,3,1917
1673867291.0,2,1466
1672683916.0,0,1012
1669315776.0,1,896
1673867512.0,2,1904
1670919244.0,1,1050
1669362477.0,1,941
1677795376.0,1,997
1672769325.0,0,1860
1674397865.0,2,341
1671744559.0,2,290
1672601790.0,0,1994
1673525089.0,0,277
1671052161.0,2,1641
1672148285.0,2,1444
1673354422.0,0,231
1674200568.0,2,675
1672499480.0,2,2188
1673437648.0,0,1982
1671623351.0,0,156
1674211113.0,0,2121
1670702883.0,1,1971
1671774477.0,0,252
1668971894.0,1,997
1677745167.0,1,365
1669576130.0,1,283
1672257751.0,2,1273
1673117442.0,0,1047
1674200702.0,2,2193
1672141461.0,0,1736
1671559011.0,2,1073
1670704801.0,1,482
1668984226.0,1,1128
1672405294.0,3,156
1669635742.0,1,1005
1672506251.0,2,953
1672405297.0,3,1537
1673867227.0,2,1615
1670743741.0,1,1646
1670964232.0,1,627
1672141408.0,0,363
1672141408.0,0,1540
1672148285.0,2,1488
1672415129.0,2,247
1670702883.0,1,441
1674417389.0,2,1326
1673867388.0,2,283
1670919304.0,1,1852
1672405297.0,3,924
1672148093.0,2,1203
1669247397.0,1,1383
1668971894.0,1,491
1672414839.0,2,396
1672415184.0,2,120
1669219492.0,1,1696
1672850509.0,0,1796
1671745676.0,2,1951
1674397865.0,2,1848
1673437362.0,0,889
1672258035.0,2,1497
1674237267.0,2,1023
1672228209.0,3,714
1672669465.0,3,11
1674200702.0,2,1218
1672600847.0,0,466
1673525266.0,0,1355
1669247608.0,1,1835
1672415184.0,2,826
1671039042.0,3,1024
1671710364.0,0,2019
1672414575.0,2,1450
1673957327.0,0,530
1672773539.0,0,974
1672404742.0,2,344
1672404834.0,2,1597
1671191292.0,0,1439
1677712724.0,1,365
1674333887.0,2,1517
1672678000.0,0,930
1672676768.0,0,316
1671623022.0,0,1289
1672119090.0,0,10
1670709738.0,1,1072
1674593715.0,2,410
1671896425.0,3,132
1670964232.0,1,147
1673956414.0,0,119
1672677679.0,2,1155
1671699462.0,0,31
1671106558.0,0,1600
1677657303.0,1,526
1672646789.0,0,2213
1677780785.0,1,2054
1671623022.0,0,470
1670709229.0,1,843
1672443077.0,0,1332
1669495524.0,1,1625
1671636146.0,3,587
1677692678.0,1,1500
1671652614.0,3,1906
1669421171.0,1,1126
1671106484.0,0,447
1672774622.0,0,1901
1672600703.0,0,2187
1669236620.0,1,1244
1671039698.0,1,941
1672677164.0,2,612
1670705199.0,1,1702
1672646789.0,0,1809
1671880381.0,2,926
1672773539.0,0,860
1672257813.0,2,878
1671106484.0,0,1559
1671370210.0,2,1455
1669420343.0,1,1260
1671039698.0,1,286
1672600106.0,0,96
1672226819.0,0,1144
1672496915.0,0,1745
1671093279.0,1,1758
1672119090.0,0,2003
1669536404.0,1,1103
1674211113.0,0,960
1673776386.0,2,441
1672850832.0,0,843
1672229526.0,0,1326
1673429020.0,2,1360
1672681002.0,3,1229
1673869264.0,0,904
1671106054.0,0,219
1672142336.0,0,1249
1671051840.0,2,983
1672148434.0,2,311
1669488132.0,1,1277
1672443077.0,0,1582
1673504709.0,0,879
1669457233.0,1,848
1671558953.0,2,1510
1671819856.0,0,1930
1669457233.0,1,1552
1671709949.0,0,929
1674468604.0,2,1928
1669236878.0,1,2150
1672420343.0,2,687
1669190294.0,1,569
1671709949.0,0,476
1669470521.0,1,1843
1672141424.0,0,312
1672420343.0,2,1194
1669236498.0,1,1095
1674334597.0,2,292
1673881290.0,2,1797
1673869350.0,0,1906
1671744559.0,2,982
1673956922.0,0,435
1672655363.0,3,1321
1671538424.0,0,1523
1671710442.0,0,1736
1677970703.0,1,1853
1677795261.0,1,570
1672141461.0,0,1820
1672656867.0,0,323
1674594763.0,2,1676
1672414575.0,2,880
1669053067.0,1,1323
1671709931.0,0,877
1672414621.0,2,331
1669247608.0,1,1759
1673437492.0,0,1670
1677795433.0,1,1474
1671648207.0,3,1249
1673417803.0,0,11
1677713481.0,1,771
1670937039.0,3,323
1669315776.0,1,649
1672257751.0,2,449
1674417447.0,2,268
1672529285.0,0,682
1672669884.0,3,1220
1671051840.0,2,1948
1672258617.0,2,1392
1671636962.0,2,1981
1671557619.0,3,1752
1672141905.0,0,1880
1674593960.0,2,83
1674417389.0,2,1301
1672148434.0,2,1550
1673523778.0,0,1174
1669576130.0,1,1383
1672119215.0,0,342
1670704801.0,1,2048
1674237267.0,2,1968
1671178042.0,1,2195
1671106484.0,0,760
1671880381.0,2,2042
1673354433.0,0,1812
1671106892.0,0,1931
1672774622.0,0,170
1672680785.0,3,1706
1672685220.0,0,165
1673776085.0,2,1166
1671191367.0,0,2157
1674228431.0,2,760
1677940630.0,1,121
1673956795.0,0,2198
1673957178.0,0,955
1673964129.0,2,314
1673380224.0,2,1220
1677950647.0,1,416
1673386866.0,0,832
1673961727.0,0,1786
1673956007.0,0,896
1673776023.0,2,246
1669141007.0,1,1322
1672496800.0,0,241
1671820186.0,0,1934
1672414575.0,2,360
1671557619.0,3,358
1671051988.0,2,879
1672257813.0,2,1524
1672496870.0,0,2116
1671084844.0,3,1271
1669488531.0,1,441
1672414470.0,2,271
1669495334.0,1,323
1671815382.0,0,843
1671820099.0,0,792
1670709406.0,1,1555
1671084844.0,3,1093
1671647572.0,3,104
1673869350.0,0,2082
1673523835.0,0,1754
1672655583.0,3,476
1673523835.0,0,1772
1671530978.0,0,734
1671538424.0,0,1297
1671542829.0,3,2210
1671039031.0,3,1942
1670709229.0,1,892
1669315479.0,1,2159
1672443413.0,0,1383
1671796321.0,0,1871
1672404742.0,2,934
1671191292.0,0,1854
1673867351.0,2,1217
1672677679.0,2,277
1672154605.0,2,1817
1671744250.0,2,793
1677780491.0,1,983
1672258617.0,2,28
1672141305.0,0,69
1672656475.0,0,984
1671565998.0,2,1544
1670412170.0,1,1731
1673955995.0,0,574
1672677904.0,2,2115
1671709931.0,0,490
1673881290.0,2,453
1673437898.0,0,437
1669403041.0,1,2204
1673504709.0,0,755
1671888016.0,3,1802
1669050740.0,1,955
1670797435.0,3,729
1672668956.0,3,1489
1673956277.0,0,1557
1671896425.0,3,1275
1677794735.0,1,1971
1673437255.0,0,1287
1677692215.0,1,865
1670705199.0,1,180
1671774446.0,0,1557
1671774446.0,0,1380
1673869216.0,0,617
1672496870.0,0,2171
1677794994.0,1,1312
1669399655.0,1,151
1671191367.0,0,1942
1670013528.0,1,1294
1671191464.0,0,674
1671774477.0,0,408
1677780787.0,1,1034
1672504305.0,0,1204
1671636910.0,2,1942
1672850321.0,0,1749
1671636962.0,2,1072
1673552097.0,2,2027
1669723326.0,1,1758
1669457233.0,1,256
1671040855.0,0,1012
1670704479.0,1,224
1677780785.0,1,1012
1672656867.0,0,7
1677794885.0,1,998
1671039313.0,1,1257
1671744250.0,2,2204
1673525051.0,0,1039
1672416332.0,2,1226
1677655264.0,1,1758
1672677008.0,2,1516
1673354433.0,0,1641
1671800691.0,3,1860
1671191118.0,0,1342
1673956860.0,0,298
1672600966.0,0,1647
1669421173.0,1,901
1677745441.0,1,538
1671622961.0,0,2147
1672257751.0,2,2021
1672600925.0,0,420
1671543133.0,2,791
1674397865.0,2,1617
1673386866.0,0,355
1669616692.0,1,174
1674594763.0,2,528
1673956837.0,0,935
1672504305.0,0,1811
1671636595.0,2,1101
1673120735.0,2,189
1671106484.0,0,1467
1672774622.0,0,527
1672228209.0,3,1536
1669756462.0,1,1445
1671710046.0,0,1641
1677780491.0,1,1346
1671721618.0,3,834
1671721618.0,3,482
1677712831.0,1,20
1673867291.0,2,730
1672600847.0,0,797
1673552267.0,2,818
1677862839.0,1,436
1669456948.0,1,1263
1672499000.0,2,158
1670362237.0,1,2043
1669103095.0,1,2111
1673437803.0,0,465
1673437394.0,0,195
1672154605.0,2,1211
1671710301.0,0,1475
1671744250.0,2,766
1672677259.0,2,1182
1672774550.0,0,331
1671977842.0,0,941
1673437865.0,0,2108
1677655264.0,1,741
1674593715.0,2,794
1673956164.0,0,433
1669247397.0,1,649
1672415650.0,2,1836
1677862645.0,1,431
1671820792.0,0,252
1670941746.0,3,434
1671623351.0,0,2204
1677779971.0,1,1570
1672258312.0,2,1969
1672659830.0,2,1772
1672773539.0,0,1070
1671192296.0,0,115
1671191320.0,0,290
1671710442.0,0,739
1671093279.0,1,1433
1672416005.0,2,1039
1668984226.0,1,2188
1672677008.0,2,1749
1674338833.0,2,1950
1673349138.0,2,1966
1673955950.0,0,1214
1671642708.0,2,593
1677780079.0,1,275
1669747839.0,1,2173
1671530978.0,0,762
1673437865.0,0,1985
1677746099.0,1,325
1673352352.0,0,2212
1671710322.0,0,154
1672499000.0,2,1192
1671636518.0,2,767
1671040855.0,0,972
1669228460.0,1,474
1671557619.0,3,747
1671565998.0,2,2031
1669471056.0,1,755
1670704479.0,1,593
1671636910.0,2,327
1672414839.0,2,1378
1671636315.0,2,1617
1671084844.0,3,863
1671636146.0,3,1505
1670704140.0,1,949
1671739063.0,3,1761
1673380731.0,2,1506
1669421173.0,1,1963
1677781162.0,1,655
1672683797.0,0,20
1669421171.0,1,1538
1673957327.0,0,1159
1673525266.0,0,1482
1677862187.0,1,342
1669190294.0,1,2129
1677657049.0,1,200
1672474495.0,0,1095
1671542866.0,2,1391
1671623351.0,0,250
1677951787.0,1,2015
1672506251.0,2,461
1671609059.0,0,405
1671920750.0,0,1737
1671543058.0,2,1945
1672496932.0,0,1838
1672496800.0,0,427
1672499076.0,2,1670
1677952430.0,1,169
1672387770.0,3,480
1671743916.0,2,1413
1672499076.0,2,1269
1677862184.0,1,1868
1672414621.0,2,2166
1672416332.0,2,449
1669456315.0,1,1830
1672646968.0,0,386
1671108993.0,3,478
1676793264.0,1,1914
1672529285.0,0,1034
1677862455.0,1,1500
1669659093.0,1,1039
1674631985.0,2,1111
1670797562.0,3,1831
1673348905.0,2,831
1672680785.0,3,1912
1677655262.0,1,325
1672667214.0,0,2020
1669403041.0,1,2212
1673504709.0,0,1834
1672415184.0,2,1716
1669050568.0,1,227
1669103095.0,1,1055
1674200504.0,2,912
1672850321.0,0,1495
1669399655.0,1,924
1672405294.0,3,909
1673386812.0,0,1122
1670704340.0,1,2061
1673867153.0,2,2026
1677952430.0,1,959
1672499000.0,2,815
1672769245.0,0,2027
1673437362.0,0,1115
1677695431.0,1,108
1672677164.0,2,250
1674593960.0,2,320
1674593671.0,2,2109
1672414521.0,2,187
1672416005.0,2,1332
1673437362.0,0,1765
1672850509.0,0,1914
1672676768.0,0,527
1669756462.0,1,1585
1671051988.0,2,1250
1672496870.0,0,31
1670704340.0,1,450
1670704140.0,1,1529
1670936980.0,3,1850
1671543058.0,2,1737
1672404742.0,2,643
1673957178.0,0,1667
1672678000.0,0,1880
1671648207.0,3,1830
1671820792.0,0,797
1673869350.0,0,2141
1671039031.0,3,986
1677794689.0,1,740
1669488531.0,1,2153
1672646968.0,0,2067
1673552808.0,2,900
1671797003.0,0,609
1677950647.0,1,150
1677952131.0,1,2149
1671699462.0,0,1379
1672600925.0,0,547
1677787442.0,1,437
1671710297.0,0,878
1672646789.0,0,575
1671542866.0,2,479
1673456327.0,2,989
1669928374.0,1,1078
1672405294.0,3,1211
1669050568.0,1,1183
1671743916.0,2,453
1672404834.0,2,1977
1672774828.0,0,189
1672443368.0,0,1645
1673957202.0,0,437
1677795261.0,1,1670
1674383509.0,2,1078
1672141461.0,0,2142
1671796321.0,0,1596
1673956007.0,0,962
1673956795.0,0,249
1671191118.0,0,1847
1677862645.0,1,445
1677862184.0,1,897
1677951787.0,1,1886
1671977078.0,0,92
1671622961.0,0,1418
1672443368.0,0,108
1673955965.0,0,1011
1673956143.0,0,1164
1672680999.0,3,1261
1671774446.0,0,1376
1672414621.0,2,682
1671039042.0,3,182
1671558836.0,2,1075
1670936980.0,3,590
1671743899.0,2,697
1672499480.0,2,306
1674396051.0,2,1881
1670919304.0,1,1177
1671106558.0,0,722
1669141430.0,1,1026
1670936980.0,3,316
1671710297.0,0,1990
1671743916.0,2,1111
1677780079.0,1,1540
1677746099.0,1,1483
1672769306.0,0,882
1671699462.0,0,1156
1672414575.0,2,2084
1669189810.0,1,256
1669399655.0,1,1707
1672680859.0,3,791
1677658667.0,1,473
1671744825.0,2,2004
1669756462.0,1,688
1672678000.0,0,670
1673523835.0,0,1260
1672646817.0,0,1435
1673956007.0,0,2130
1671637020.0,2,618
1677712724.0,1,329
1671636962.0,2,1611
1669487567.0,1,2214
1673380224.0,2,216
1673430122.0,0,1332
1671745982.0,3,1880
1677780787.0,1,399
1671745982.0,3,618
1669236620.0,1,1362
1674228476.0,2,951
1673956164.0,0,268
1672677106.0,2,2205
1672148093.0,2,805
1677658667.0,1,110
1671774477.0,0,1095
1671542829.0,3,1754
1669236878.0,1,1060
1671632906.0,3,930
1677658822.0,1,257
1673523778.0,0,740
1673525266.0,0,1468
1674594763.0,2,1099
1669050568.0,1,1989
1672387770.0,3,890
1672415409.0,2,427
1673351747.0,0,396
1674337682.0,2,1548
1676793108.0,1,1488
1672676738.0,0,738
1670797435.0,3,1351
1673867512.0,2,406
1669403041.0,1,2086
1672119090.0,0,1023
1677951787.0,1,1715
1669487567.0,1,617
1671039698.0,1,984
1672600847.0,0,365
1677655264.0,1,1215
1673956414.0,0,1198
1670796718.0,3,1578
1669052919.0,1,1805
1670758720.0,1,78
1670709229.0,1,1808
1669141430.0,1,248
1669228439.0,1,2047
1672420343.0,2,566
1674593671.0,2,774
1669723326.0,1,2009
1674396732.0,2,1657
1672141593.0,0,2063
1671896425.0,3,2083
1669400266.0,1,461
1669247397.0,1,184
1672443910.0,0,1882
1672504397.0,0,198
1672656862.0,0,254
1672258312.0,2,1584
1671745676.0,2,1013
1677951225.0,1,1004
1674200862.0,2,1966
1673386812.0,0,1840
1671052161.0,2,1537
1669146839.0,1,1611
1672443077.0,0,1716
1671880549.0,2,1343
1671084844.0,3,135
1673870326.0,0,154
1670796718.0,3,2187
1671819856.0,0,2064
1674417447.0,2,2208
1677795261.0,1,643
1671636146.0,3,901
1671636680.0,2,2017
1669470521.0,1,1108
1673354433.0,0,1741
1671896428.0,3,1394
1672474564.0,0,1980
1671820099.0,0,958
1672680859.0,3,1109
1674384171.0,2,832
1673552693.0,2,279
1672655363.0,3,147
1672656677.0,0,2195
1673455749.0,2,578
1671051932.0,2,311
1672600079.0,0,1790
1672601790.0,0,1604
1677950647.0,1,189
1671652614.0,3,147
1671621002.0,0,1990
1677780657.0,1,464
1672656677.0,0,588
1672600422.0,0,2150
1672482291.0,3,2209
1671743916.0,2,331
1669616692.0,1,2046
1672601190.0,0,1665
1672600433.0,0,2080
1669146839.0,1,1053
1671052238.0,2,893
1674333634.0,2,1646
1670796723.0,3,375
1673776023.0,2,1432
1673380224.0,2,863
1672677259.0,2,171
1673776400.0,2,1880
1677795376.0,1,774
1669470521.0,1,948
1670797562.0,3,1759
1674338833.0,2,507
1672226789.0,0,1517
1673437408.0,0,1424
1672529285.0,0,789
1673955965.0,0,2069
1670758720.0,1,1183
1672504349.0,0,1614
1673867227.0,2,1029
1668971894.0,1,1500
1672148285.0,2,184
1671800691.0,3,1992
1677920210.0,1,372
1671819937.0,0,711
1672404834.0,2,1266
1677952131.0,1,1231
1677713481.0,1,1818
1677862645.0,1,359
1671710297.0,0,643
1671636549.0,2,1110
1671191303.0,0,210
1670941746.0,3,512
1669316019.0,1,2206
1673956311.0,0,1033
1671647572.0,3,10
1674396847.0,2,455
1677787442.0,1,510
1669189810.0,1,400
1669421171.0,1,2210
1673955950.0,0,2050
1668984226.0,1,1089
1670932823.0,3,1688
1674417389.0,2,1557
1669455982.0,1,2209
1669487567.0,1,1155
1669053067.0,1,1239
1672676378.0,0,239
1671557619.0,3,221
1671709998.0,0,53
1672499480.0,2,1106
1672668996.0,3,1605
1671542866.0,2,1515
1671559641.0,2,2067
1672655583.0,3,1204
1669189635.0,1,1413
1673867388.0,2,70
1673523778.0,0,1710
1669190294.0,1,7
1669928374.0,1,660
1671636680.0,2,1713
1669495334.0,1,1445
1671636595.0,2,645
1677658822.0,1,1079
1669635742.0,1,520
1672683916.0,0,818
1677952629.0,1,1064
1677795433.0,1,165
1672656475.0,0,812
1671636844.0,2,1906
1671191303.0,0,689
1670937039.0,3,1211
1671652614.0,3,78
1671523614.0,0,1917
1669756462.0,1,327
1672415650.0,2,2158
1669488132.0,1,960
1669228460.0,1,870
1674211113.0,0,1708
1669315565.0,1,128
1670704140.0,1,1045
1671039042.0,3,218
1677695431.0,1,983
1671370210.0,2,1505
1671745676.0,2,1392
1673386866.0,0,396
1670796723.0,3,1326
1669747839.0,1,292
1673867454.0,2,663
1672677679.0,2,690
1672669884.0,3,1437
1673552097.0,2,695
1674211113.0,0,182
1672141424.0,0,1364
1673957358.0,0,62
1671621002.0,0,449
1672769306.0,0,2166
1673437394.0,0,726
1673437898.0,0,1204
1671710322.0,0,1517
1672141584.0,0,120
1672600106.0,0,1908
1672850253.0,0,918
1672656867.0,0,1875
1671191886.0,0,473
1673386417.0,0,817
1671642815.0,2,1609
1672646817.0,0,702
1674593745.0,2,54
1673417819.0,0,2170
1672600079.0,0,2031
1677970633.0,1,2141
1673348905.0,2,619
1672774828.0,0,1261
1669315565.0,1,1614
1672482291.0,3,98
1671543133.0,2,2161
1677745167.0,1,2170
1677781720.0,1,1538
1672226789.0,0,1920
1674398020.0,2,1183
1677780491.0,1,1897
1673352611.0,0,1282
1671637020.0,2,147
1668972159.0,1,325
1677692215.0,1,940
1671558953.0,2,1042
1674417028.0,2,1100
1673867512.0,2,1677
1673869308.0,0,665
1671920750.0,0,90
1673456766.0,2,888
1671559641.0,2,1880
1671710253.0,0,603
1672226819.0,0,1968
1677970633.0,1,878
1671051840.0,2,864
1673504709.0,0,904
1673776386.0,2,1702
1674200862.0,2,1103
1671819856.0,0,359
1677951225.0,1,1049
1672850832.0,0,1021
1673354422.0,0,526
1672443910.0,0,790
1672600079.0,0,175
1677970633.0,1,1208
1673437492.0,0,42
1674384096.0,2,241
1674383509.0,2,1490
1677657049.0,1,482
1673456810.0,2,2
1677655264.0,1,590
1672669465.0,3,37
1671622961.0,0,648
1670709738.0,1,101
1673867454.0,2,1056
1673956414.0,0,1029
1671636910.0,2,277
1669471056.0,1,941
1672148434.0,2,2114
1673870326.0,0,1607
1671648093.0,3,122
1672405294.0,3,1968
1671191886.0,0,210
1677779971.0,1,1421
1672683797.0,0,1222
1671623351.0,0,589
1671558953.0,2,560
1677795433.0,1,710
1677692215.0,1,1598
1669616692.0,1,1604
1673120735.0,2,188
1670709406.0,1,62
1672257751.0,2,888
1671921081.0,0,478
1677970703.0,1,1838
1671796918.0,0,253
1671559366.0,2,255
1671710364.0,0,1678
1672154605.0,2,1914
1671820186.0,0,1546
1672443413.0,0,465
1674396847.0,2,1199
1669616597.0,1,788
1677794885.0,1,497
1673956837.0,0,514
1677862753.0,1,1648
1669635742.0,1,1458
1672667214.0,0,1740
1677658667.0,1,378
1671039313.0,1,1737
1671888016.0,3,437
1672646968.0,0,793
1677745901.0,1,2158
1671178042.0,1,753
1670932827.0,3,317
1674228476.0,2,1166
1669316019.0,1,909
1673437803.0,0,762
1677746099.0,1,1534
1677745441.0,1,2161
1674237267.0,2,2100
1669103291.0,1,1401
1671191118.0,0,358
1671637020.0,2,82
1672659830.0,2,1786
1672668996.0,3,1490
1672142336.0,0,352
1672141861.0,0,334
1671636844.0,2,673
1674593745.0,2,279
1672504397.0,0,202
1671636549.0,2,1036
1674228476.0,2,2143
1673867388.0,2,536
1669474753.0,1,811
1677862753.0,1,1982
1672416332.0,2,1931
1669190294.0,1,25
1677780785.0,1,991
1673351861.0,0,249
1673957358.0,0,486
1671636518.0,2,2030
1673523835.0,0,2216
1677692215.0,1,548
1671039042.0,3,1493
1672655583.0,3,1935
1672680862.0,3,978
1672119090.0,0,1215
1672659787.0,2,165
1674200504.0,2,1614
1669189635.0,1,1087
1673348697.0,2,207
1671880319.0,2,891
1672600422.0,0,196
1672415129.0,2,212
1669236498.0,1,1538
1671558836.0,2,54
1669488132.0,1,661
1677952430.0,1,665
1672443368.0,0,918
1671896428.0,3,1783
1671558836.0,2,1135
1671710364.0,0,1578
1669420343.0,1,744
1673961727.0,0,1478
1671648207.0,3,197
1672667035.0,0,656
1672496932.0,0,1133
1671774477.0,0,216
1671710253.0,0,844
1671636844.0,2,956
1671642708.0,2,791
1669835683.0,1,137
1669536404.0,1,1916
1671773348.0,3,1482
1672420343.0,2,1464
1669052919.0,1,418
1672474564.0,0,674
1669058220.0,1,167
1671542866.0,2,906
1671039698.0,1,311
1671559246.0,2,1999
1671543133.0,2,93
1672387770.0,3,1402
1673214150.0,2,1093
1673195248.0,2,1515
1676570431.0,1,2114
1676723548.0,1,1253
1669495334.0,1,826
1671040855.0,0,643
1669456315.0,1,1318
1671773348.0,3,1362
1676734203.0,1,1211
1674020439.0,0,1971
1672646789.0,0,2009
1669052919.0,1,1034
1669616597.0,1,1645
1671710301.0,0,1280
1672474564.0,0,1110
1669832613.0,1,1941
1676395591.0,1,1425
1673214150.0,2,341
1669189635.0,1,1602
1673957007.0,0,1146
1674228476.0,2,275
1671820792.0,0,1647
1670610338.0,1,2102
1676482486.0,1,1930
1676734203.0,1,431
1673186976.0,2,1395
1669141430.0,1,1835
1677451768.0,1,233
1670611991.0,1,772
1670829862.0,1,2045
1674020297.0,0,1897
1677862753.0,1,1153
1669495524.0,1,2209
1672416005.0,2,1808
1673196598.0,2,920
1673281798.0,2,54
1672482291.0,3,1492
1669236498.0,1,1989
1671632906.0,3,1891
1669795247.0,1,1125
1677397323.0,1,1023
1677225177.0,1,766
1674043969.0,0,1320
1669362477.0,1,1630
1674020594.0,0,720
1673194882.0,2,649
1677540173.0,1,654
1673186875.0,2,894
1671710322.0,0,1813
1670704801.0,1,1893
1673196598.0,2,303
1673195048.0,2,1096
1670611991.0,1,392
1676145002.0,1,253
1677262906.0,1,2009
1673194739.0,2,1239
1673194397.0,2,858
1670243221.0,1,304
1677577131.0,1,687
1672769325.0,0,90
1677009987.0,1,1587
1673271997.0,2,1517
1674020439.0,0,811
1670494284.0,1,284
1677341750.0,1,552
1677452496.0,1,1342
1677577544.0,1,949
1672788032.0,3,156
1673196555.0,2,207
1677341750.0,1,358
1676145002.0,1,441
1673265699.0,0,527
1677397652.0,1,2072
1676153283.0,1,1088
1673289884.0,0,832
1671472591.0,2,1715
1670411862.0,1,10
1674021028.0,0,1613
1672859359.0,0,20
1673289911.0,0,1318
1671307429.0,0,2034
1677482866.0,1,1595
1673718527.0,0,1525
1676793264.0,1,1728
1672705772.0,0,1218
1671353552.0,3,1650
1677327911.0,1,2019
1676153439.0,1,1354
1673265699.0,0,761
1673264852.0,0,825
1676741857.0,1,654
1676749454.0,1,885
1673281622.0,2,1588
1670536702.0,1,76
1673194739.0,2,1031
1676315559.0,1,66
1673614360.0,2,1767
1672820670.0,0,345
1676315559.0,1,374
1673186957.0,2,454
1673718581.0,0,1174
1677327911.0,1,1546
1674158219.0,2,1607
1671460107.0,3,1408
1670412166.0,1,1372
1672736337.0,0,1342
1676998067.0,1,186
1674064478.0,2,1611
1672863586.0,3,2077
1672863583.0,3,960
1673281603.0,2,2219
1674158137.0,2,1486
1676826471.0,1,2213
1676244919.0,1,980
1677397323.0,1,2102
1676152662.0,1,470
1676152662.0,1,1071
1671471927.0,2,696
1670611991.0,1,2171
1670411862.0,1,478
1676152402.0,1,1066
1672752525.0,0,1070
1672752525.0,0,193
1677225177.0,1,602
1677224967.0,1,767
1673195402.0,2,2142
1673194920.0,2,1194
1676447425.0,1,1553
1673186976.0,2,735
1676793108.0,1,61
1672859359.0,0,2
1672761652.0,0,204
1673186875.0,2,974
1677341335.0,1,1217
1677341333.0,1,712
1670407538.0,1,226
1673725999.0,2,268
1677341335.0,1,1510
1677576879.0,1,1469
1672859729.0,0,1821
1677262983.0,1,1388
1672749098.0,3,1076
1676749454.0,1,1866
1673281798.0,2,1854
1676244919.0,1,844
1672788080.0,3,794
1677341590.0,1,1753
1674021602.0,0,1402
1672705772.0,0,614
1677327911.0,1,937
1673281763.0,2,2102
1677576220.0,1,319
1674338833.0,2,201
1671106054.0,0,1082
1676616705.0,1,1240
1677262980.0,1,281
1672950669.0,2,1468
1674064478.0,2,197
1673614360.0,2,1077
1674064504.0,2,804
1673194488.0,2,1528
1674136613.0,0,1205
1673195248.0,2,1039
1673272150.0,2,1966
1673194739.0,2,1330
1671307487.0,0,967
1677576220.0,1,1261
1674137434.0,2,858
1674137434.0,2,426
1673264852.0,0,406
1676723548.0,1,1792
1677451768.0,1,1130
1677397652.0,1,1813
1671739063.0,3,840
1676145686.0,1,78
1672226819.0,0,214
1673351845.0,0,738
1672404834.0,2,114
1673271954.0,2,1147
1671977902.0,0,705
1672228272.0,3,1914
1674398020.0,2,1749
1673437648.0,0,268
1677482866.0,1,1630
1676279555.0,1,1273
1670743741.0,1,2069
1672659787.0,2,479
1670412170.0,1,775
1674158219.0,2,1488
1671307646.0,2,1309
1674055325.0,0,1665
1677576879.0,1,1794
1673208019.0,2,1370
1673208754.0,2,1231
1676152662.0,1,1402
1676152933.0,1,1075
1673195589.0,2,1375
1673265415.0,0,733
1673264852.0,0,1919
1673264633.0,0,2186
1677009724.0,1,1701
1672669465.0,3,1940
1671106558.0,0,1043
1677655262.0,1,233
1673776386.0,2,346
1677781162.0,1,590
1673523778.0,0,98
1677795261.0,1,1077
1671609059.0,0,487
1677794994.0,1,2186
1677482473.0,1,722
1674333634.0,2,267
1673348905.0,2,292
1671880549.0,2,912
1671108993.0,3,610
1674396051.0,2,1418
1672529285.0,0,1497
1674136621.0,0,811
1673265415.0,0,2169
1672774828.0,0,856
1672859359.0,0,492
1676152930.0,1,923
1677577131.0,1,1682
1677577905.0,1,220
1677970703.0,1,1943
1673437648.0,0,386
1672655363.0,3,1218
1673437898.0,0,1749
1671745054.0,2,2143
1672258312.0,2,317
1670796718.0,3,1887
1673552267.0,2,1155
1671106892.0,0,1376
1672443910.0,0,2171
1674237267.0,2,818
1673867153.0,2,1836
1673867454.0,2,1913
1677341335.0,1,1023
1670919304.0,1,319
1677950647.0,1,35
1672141305.0,0,1919
1671609059.0,0,1375
1673524067.0,0,1338
1671896428.0,3,352
1671191118.0,0,916
1671191292.0,0,1297
1674396732.0,2,445
1677780785.0,1,436
1673525051.0,0,1950
1674200568.0,2,1930
1677779971.0,1,733
1669928590.0,1,1097
1671623022.0,0,2219
1671622961.0,0,1929
1677780657.0,1,1469
1677952131.0,1,1024
1669616597.0,1,370
1677862455.0,1,593
1672141408.0,0,1730
1673776085.0,2,1867
1677655262.0,1,514
1671637020.0,2,641
1673417803.0,0,1128
1671820099.0,0,714
1673867153.0,2,1570
1671815382.0,0,1602
1671796918.0,0,1583
1671636844.0,2,420
1672416005.0,2,2089
1674396847.0,2,460
1673867388.0,2,1908
1672415293.0,2,1075
1669543283.0,1,1203
1671559641.0,2,2113
1673437408.0,0,1788
1677781720.0,1,1220
1677780787.0,1,238
1674384171.0,2,714
1672443077.0,0,1763
1673957202.0,0,1106
1672404742.0,2,2045
1672141305.0,0,1403
1677658822.0,1,860
1671880319.0,2,1215
1671739063.0,3,2158
1674384096.0,2,2217
1673437492.0,0,572
1671819937.0,0,512
1677862839.0,1,1947
1677657049.0,1,181
1673524067.0,0,1624
1673525051.0,0,447
1673437394.0,0,2143
1677795433.0,1,1851
1669141007.0,1,1964
1671559366.0,2,898
1673264852.0,0,343
1669053067.0,1,636
1674200862.0,2,311
1671636910.0,2,1336
1671558836.0,2,393
1669219492.0,1,303
1673869216.0,0,1238
1669143501.0,1,686
1669456948.0,1,581
1673867512.0,2,1940
1673552808.0,2,572
1672676816.0,2,88
1672258035.0,2,770
1677862839.0,1,1903
1677694781.0,1,969
1671773348.0,3,2193
1672498953.0,2,1985
1669456315.0,1,919
1671709949.0,0,395
1677794885.0,1,1630
1669058220.0,1,1450
1676793108.0,1,105
1671191367.0,0,318
1672141461.0,0,549
1671820186.0,0,1833
1672510563.0,0,1850
1671538452.0,0,400
1669576130.0,1,955
1673430122.0,0,973
1671636962.0,2,2141
1672504305.0,0,2193
1672659830.0,2,1980
1669746683.0,1,1474
1671565998.0,2,1388
1671710046.0,0,1989
1669400266.0,1,1292
1672474564.0,0,250
1669103095.0,1,1376
1674594763.0,2,436
1673956157.0,0,1649
1673957358.0,0,334
1672683916.0,0,1204
1677694781.0,1,1596
1669456948.0,1,1947
1671559366.0,2,738
1672850832.0,0,195
1669146839.0,1,590
1669455982.0,1,2221
1677657049.0,1,1554
1669746683.0,1,755
1673867662.0,2,1192
1669474753.0,1,1914
1672499000.0,2,889
1671636315.0,2,2195
1672415184.0,2,425
1672415409.0,2,1235
1669487567.0,1,1117
1671542829.0,3,940
1677694781.0,1,1361
1672681002.0,3,647
1672119215.0,0,614
1671774446.0,0,1750
1677794735.0,1,826
1672705772.0,0,1610
1670937039.0,3,286
1672387770.0,3,602
1677262980.0,1,1271
1673186875.0,2,940
1673867351.0,2,563
1669315479.0,1,1835
1676447207.0,1,1858
1672496932.0,0,1498
1671039461.0,1,828
1671039313.0,1,1532
1671709998.0,0,1303
1669050740.0,1,815
1677262246.0,1,302
1676482710.0,1,1190
1672414839.0,2,454
1671039313.0,1,983
1677341277.0,1,888
1672859905.0,0,1728
1674200504.0,2,879
1672656475.0,0,991
1669052919.0,1,2195
1671710322.0,0,792
1672405297.0,3,497
1677657303.0,1,548
1677657303.0,1,352
1672474495.0,0,475
1674021602.0,0,1836
1672656677.0,0,221
1677398208.0,1,273
1671191320.0,0,544
1674064504.0,2,230
1670494767.0,1,1149
1670494469.0,1,208
1673281667.0,2,164
1674020439.0,0,2213
1669831233.0,1,1547
1672749095.0,3,605
1673272069.0,2,1031
1669316019.0,1,607
1672859975.0,0,2205
1670621398.0,1,497
1672705786.0,0,860
1673194739.0,2,2197
1670704340.0,1,1646
1677540173.0,1,863
1671478804.0,2,1827
1672859905.0,0,1008
1670702883.0,1,479
1669219492.0,1,254
1671710442.0,0,1981
1676447205.0,1,672
1674021602.0,0,1517
1670829862.0,1,1585
1673195048.0,2,1584
1673195454.0,2,171
1676741857.0,1,119
1669795247.0,1,792
1671479149.0,2,1066
1673289884.0,0,1213
1677263669.0,1,1453
1670410896.0,1,61
1672414470.0,2,2034
1677397341.0,1,860
1670530540.0,1,785
1677262983.0,1,153
1671472673.0,2,2012
1670412170.0,1,1488
1677224967.0,1,1952
1673295422.0,2,1185
1670411359.0,1,159
1673264837.0,0,251
1671460107.0,3,153
1672859975.0,0,378
1671472826.0,2,1309
1670410079.0,1,2079
1672749095.0,3,1620
1669795247.0,1,1355
1677398208.0,1,1097
1677452722.0,1,1841
1671191320.0,0,926
1676279555.0,1,83
1672862716.0,2,1952
1674020297.0,0,193
1677576879.0,1,1801
1672788080.0,3,1640
1673194920.0,2,946
1677327911.0,1,1241
1670444693.0,1,238
1677452722.0,1,2148
1669831233.0,1,1736
1677482473.0,1,1229
1676793031.0,1,192
1671478734.0,2,1614
1676482489.0,1,186
1670494767.0,1,1247
1673186957.0,2,391
1677452496.0,1,1737
1677349852.0,1,396
1670411175.0,1,1602
1676793031.0,1,843
1672749303.0,0,1879
1670444693.0,1,1163
1677451768.0,1,271
1671472673.0,2,1037
1670612294.0,1,130
1673194920.0,2,344
1674020183.0,0,1050
1673194126.0,2,1481
1677452499.0,1,98
1669795247.0,1,1999
1673194126.0,2,2184
1674136613.0,0,290
1676155336.0,1,2114
1672749303.0,0,614
1672949118.0,0,1611
1672788080.0,3,1908
1670410896.0,1,1913
1674130738.0,0,1873
1677482866.0,1,575
1674021773.0,0,345
1672862716.0,2,1169
1673281622.0,2,2034
1672788032.0,3,1723
1677262983.0,1,66
1677413556.0,1,1963
1670243221.0,1,986
1677262246.0,1,302
1676616705.0,1,1113
1677576248.0,1,318
1677341333.0,1,686
1673281763.0,2,1846
1673271954.0,2,947
1677262980.0,1,1148
1670612294.0,1,284
1673194126.0,2,1485
1674136621.0,0,1876
1672859729.0,0,487
1674020878.0,0,1072
1673271997.0,2,1990
1670612294.0,1,1275
1676152930.0,1,1400
1676155331.0,1,1613
1673281798.0,2,2150
1670536702.0,1,2070
1671144484.0,1,1198
1673289884.0,0,1667
1671318570.0,3,101
1677413556.0,1,11
1677398208.0,1,1429
1672765301.0,0,395
1676145002.0,1,1060
1669723326.0,1,1939
1673195454.0,2,571
1671472591.0,2,2107
1674040002.0,2,2030
1676153439.0,1,271
1673265699.0,0,2198
1670612294.0,1,923
1673271954.0,2,1851
1670531210.0,1,1349
1672534019.0,0,1599
1673776400.0,2,1772
1672862510.0,2,1540
1670531210.0,1,1689
1674064260.0,2,75
1673417819.0,0,2031
1673417803.0,0,1897
1673552267.0,2,701
1673380731.0,2,943
1672258035.0,2,2166
1677577131.0,1,882
1677577544.0,1,1938
1671307429.0,0,105
1670709738.0,1,1248
1673289861.0,0,323
1672787963.0,3,1686
1673437362.0,0,1183
1672443413.0,0,120
1673956961.0,0,1289
1676965853.0,1,2089
1677397321.0,1,252
1674065164.0,2,1362
1673552267.0,2,892
1671621002.0,0,2221
1672859443.0,0,1203
1677577905.0,1,1148
1672941540.0,0,550
1670797562.0,3,380
1677397341.0,1,1346
1673870326.0,0,239
1673776023.0,2,450
1674398020.0,2,154
1671744825.0,2,804
1674333887.0,2,783
1672685220.0,0,2031
1671106054.0,0,101
1671880549.0,2,1483
1671318570.0,3,1844
1670531210.0,1,514
1671743899.0,2,365
1673524067.0,0,756
1671744250.0,2,1361
1674064260.0,2,688
1673552808.0,2,1834
1670795812.0,3,1124
1672773539.0,0,997
1677397341.0,1,951
1673417803.0,0,1445
1669928590.0,1,644
1669103291.0,1,1909
1677695431.0,1,390
1677781720.0,1,312
1671745054.0,2,1540
1671622852.0,0,1355
1677862184.0,1,757
1671622852.0,0,1348
1674055325.0,0,419
1670709406.0,1,2021
1672141905.0,0,2017
1672141424.0,0,1709
1673354433.0,0,461
1671819937.0,0,86
1673867291.0,2,974
1673867351.0,2,1451
1671880549.0,2,1736
1674417028.0,2,1014
1672667035.0,0,682
1674593960.0,2,236
1671921081.0,0,964
1677713577.0,1,183
1669315776.0,1,912
1677794689.0,1,1930
1672148285.0,2,1396
1671039031.0,3,1451
1673289861.0,0,1665
1677657303.0,1,909
1672677679.0,2,1500
1670013528.0,1,299
1677740142.0,1,1771
1673380731.0,2,1179
1671888016.0,3,1050
1673525266.0,0,1414
1673437865.0,0,399
1677781162.0,1,1314
1670964232.0,1,840
1674384096.0,2,666
1673719038.0,0,909
1669536404.0,1,2102
1673523799.0,0,1515
1672141905.0,0,988
1672669884.0,3,1133
1677862455.0,1,1988
1671797003.0,0,2133
1677740142.0,1,988
1677952430.0,1,1552
1673352611.0,0,759
1673957202.0,0,514
1672414621.0,2,831
1677795376.0,1,450
1669400266.0,1,1170
1673964129.0,2,362
1673352340.0,0,1831
1670410079.0,1,520
1676826471.0,1,271
1674040469.0,2,1031
1677940630.0,1,809
1672688436.0,2,1354
1673867351.0,2,1804
1669315565.0,1,858
1668972159.0,1,1902
1672496915.0,0,616
1671632906.0,3,1080
1671636518.0,2,1960
1673386866.0,0,1967
1671039461.0,1,1834
1671191464.0,0,1765
1673956277.0,0,1332
1669228460.0,1,1163
1671191303.0,0,1432
1673956143.0,0,1372
1674200862.0,2,2204
1669474753.0,1,1909
1673523799.0,0,2102
1672141905.0,0,825
1677952131.0,1,877
1672655363.0,3,1756
1671178042.0,1,2149
1669103291.0,1,902
1671538452.0,0,69
1671642815.0,2,1772
1669421173.0,1,2170
1673437492.0,0,1633
1670494469.0,1,1963
1671191464.0,0,306
1669747839.0,1,1813
1672667214.0,0,2020
1671543058.0,2,75
1671648093.0,3,2095
1672656677.0,0,1553
1677746099.0,1,549
1672504349.0,0,1429
1671815382.0,0,2148
1672850321.0,0,1598
1674043969.0,0,316
1673525089.0,0,1005
1669247397.0,1,1940
1671745054.0,2,1110
1669495524.0,1,2074
1669543283.0,1,307
1672415650.0,2,271
1672414839.0,2,2042
1672600925.0,0,1268
1672474495.0,0,741
1674383509.0,2,427
1669050740.0,1,685
1671192296.0,0,132
1671191886.0,0,1106
1672504305.0,0,440
1672787959.0,3,512
1674417447.0,2,834
1673867227.0,2,1377
1676793031.0,1,25
1671543058.0,2,1764
1673194397.0,2,578
1673523799.0,0,2193
1672443413.0,0,1710
1672141593.0,0,1031
1672141861.0,0,137
1669228460.0,1,995
1669236878.0,1,476
1672498953.0,2,1995
1670937039.0,3,1771
1672415409.0,2,538
1671523614.0,0,1413
1672141593.0,0,1312
1672141305.0,0,695
1669103095.0,1,2178
1672646817.0,0,1362
1669471056.0,1,627
1671820186.0,0,1425
1673869350.0,0,758
1670919244.0,1,791
1676793108.0,1,1212
1671538452.0,0,1728
1669315565.0,1,1802
1672415650.0,2,181
1677577544.0,1,1948
1676152930.0,1,1498
1669832613.0,1,1792
1669488132.0,1,1584
1673869216.0,0,50
1670919244.0,1,355
1676447205.0,1,1941
1676616567.0,1,170
1670829862.0,1,1376
1677452496.0,1,488
1676447205.0,1,970
1669455982.0,1,882
1671636680.0,2,1916
1671559011.0,2,1349
1676244650.0,1,967
1673272150.0,2,2086
1677262246.0,1,543
1677262954.0,1,1475
1672788080.0,3,547
1673194429.0,2,1681
1671710162.0,0,1689
1673195048.0,2,1641
1677341335.0,1,1860
1676616567.0,1,1209
1677262983.0,1,245
1676616567.0,1,2098
1670494284.0,1,648
1670411175.0,1,1648
1672949118.0,0,90
1672788035.0,3,926
1673281798.0,2,973
1673281603.0,2,920
1673718595.0,0,2088
1672749098.0,3,848
1672736337.0,0,1764
1672862510.0,2,1686
1676482486.0,1,2083
1677452463.0,1,1914
1670610338.0,1,2212
1674136621.0,0,655
1676483774.0,1,623
1673718564.0,0,1250
1673614394.0,2,688
1676749454.0,1,203
1673718595.0,0,1468
1676155336.0,1,1066
1672787959.0,3,1995
1673265415.0,0,482
1671318570.0,3,1945
1677504496.0,1,1949
1673689929.0,0,1268
1673195248.0,2,1076
1669831233.0,1,885
1673281667.0,2,618
1670362237.0,1,1303
1673208019.0,2,743
1676965790.0,1,1967
1677349854.0,1,1414
1672761652.0,0,936
1676615965.0,1,1228
1672769411.0,0,342
1672949118.0,0,2111
1670621398.0,1,2074
1673281763.0,2,2183
1677482473.0,1,400
1672749095.0,3,893
1674064908.0,2,2210
1677010873.0,1,1648
1674158137.0,2,1745
1673718830.0,0,705
1676310882.0,1,105
1670407538.0,1,291
1672950669.0,2,610
1671318570.0,3,94
1673725999.0,2,1803
1673281763.0,2,40
1671191367.0,0,670
1674158264.0,2,2180
1676152933.0,1,711
1676965790.0,1,1379
1674064504.0,2,1793
1673717791.0,2,863
1670611991.0,1,813
1673614465.0,2,279
1671479432.0,2,1031
1671437918.0,3,1215
1676390251.0,1,121
1670407538.0,1,423
1673814862.0,0,673
1673718564.0,0,507
1673718545.0,0,1079
1676447425.0,1,408
1673614465.0,2,176
1674040716.0,2,274
1672736337.0,0,2156
1676315225.0,1,1113
1676965790.0,1,1056
1673281622.0,2,2035
1677576879.0,1,1725
1676965790.0,1,450
1671479432.0,2,69
1673289911.0,0,1611
1676965543.0,1,726
1672749095.0,3,1354
1670410896.0,1,1431
1672859975.0,0,399
1673614394.0,2,972
1673717017.0,2,2188
1676723548.0,1,550
1673718649.0,0,1690
1673195589.0,2,1023
1669835683.0,1,792
1673194920.0,2,1297
1673186976.0,2,1587
1669831233.0,1,69
1673272460.0,2,166
1672820709.0,0,467
1677482476.0,1,176
1674130738.0,0,1811
1672749278.0,3,1818
1670610338.0,1,1879
1672863586.0,3,351
1674065209.0,2,1264
1677451768.0,1,512
1676826471.0,1,1792
1673717070.0,2,120
1671478734.0,2,1610
1677504496.0,1,1528
1677349854.0,1,543
1673194488.0,2,510
1677224967.0,1,204
1673281540.0,2,401
1672787959.0,3,882
1670494767.0,1,331
1677452499.0,1,855
1673208754.0,2,213
1670494284.0,1,80
1673266193.0,0,1406
1676294565.0,1,1758
1673208754.0,2,74
1674064908.0,2,16
1674020183.0,0,2061
1677577343.0,1,310
1669832613.0,1,2069
1672859688.0,0,1525
1677009724.0,1,2075
1673266193.0,0,2070
1674020878.0,0,1028
1676244650.0,1,1572
1671478804.0,2,28
1673186957.0,2,1435
1676244650.0,1,1397
1676615965.0,1,473
1672788035.0,3,69
1672859443.0,0,408
1672769411.0,0,423
1676155331.0,1,1728
1677452463.0,1,1664
1672787963.0,3,1942
1677341333.0,1,1938
1671471927.0,2,1080
1677452499.0,1,1764
1674020452.0,0,450
1677577343.0,1,1283
1673264633.0,0,979
1676615965.0,1,91
1676932481.0,1,2029
1674158219.0,2,1202
1673281723.0,2,948
1673264837.0,0,1801
1673264837.0,0,148
1676390251.0,1,46
1676447422.0,1,254
1671144797.0,1,1144
1670610338.0,1,1759
1677341588.0,1,759
1672769325.0,0,275
1674043638.0,0,661
1677452722.0,1,654
1673289861.0,0,530
1676570431.0,1,2168
1672862510.0,2,1098
1669835683.0,1,482
1677349852.0,1,90
1677328162.0,1,1917
1677577343.0,1,792
1674021773.0,0,98
1677540173.0,1,1299
1670412170.0,1,1268
1673208754.0,2,340
1677262246.0,1,202
1673196598.0,2,2035
1672705865.0,0,601
1674021755.0,0,340
1673195048.0,2,188
1676749454.0,1,797
1676483774.0,1,1926
1674021028.0,0,1926
1672705772.0,0,1791
1672749098.0,3,1432
1676390251.0,1,1740
1673281723.0,2,688
1676447207.0,1,119
1670494767.0,1,358
1677225177.0,1,1280
1674136613.0,0,1589
1676153439.0,1,548
1673295422.0,2,750
1677397323.0,1,1364
1672859443.0,0,609
1676153283.0,1,1271
1673195454.0,2,958
1673272460.0,2,123
1677576220.0,1,1364
1673264837.0,0,1368
1677349854.0,1,1007
1672865025.0,0,1683
1670411862.0,1,569
1672749278.0,3,1925
1673272150.0,2,893
1677328162.0,1,1245
1676244650.0,1,1254
1674021755.0,0,1397
1677341277.0,1,1797
1672749218.0,0,476
1672859688.0,0,1554
1673195454.0,2,1366
1674021773.0,0,2077
1673208019.0,2,711
1676155336.0,1,1026
1676152930.0,1,686
1671479149.0,2,1220
1670530433.0,1,1321
1673194488.0,2,54
1677262906.0,1,227
1670411175.0,1,93
1674020183.0,0,1510
1674020183.0,0,778
1676616567.0,1,1485
1676482846.0,1,1222
1677577131.0,1,888
1674020452.0,0,934
1676482846.0,1,268
1676482710.0,1,2107
1676145686.0,1,1872
1673272069.0,2,1868
1673272069.0,2,173
1676482846.0,1,246
1672787963.0,3,1848
1674021028.0,0,1228
1672705786.0,0,1868
1676447205.0,1,393
1670412166.0,1,688
1672859729.0,0,2044
1673271755.0,2,371
1677341750.0,1,1872
1677263669.0,1,304
1676482489.0,1,1347
1676734203.0,1,1532
1673186957.0,2,7
1673271755.0,2,2185
1672769411.0,0,595
1677341333.0,1,1708
1673264633.0,0,1730
1674020452.0,0,1681
1672788032.0,3,1364
1676153283.0,1,2061
1676932481.0,1,1408
1671353552.0,3,1332
1674020594.0,0,622
1676615965.0,1,1831
1672752395.0,0,227
1676244919.0,1,1870
1672736400.0,0,176
1670494469.0,1,82
1676741857.0,1,1266
1673195248.0,2,902
1677341750.0,1,686
1673272150.0,2,686
1676153283.0,1,2159
1670536893.0,1,1363
1673614465.0,2,1024
1677482473.0,1,543
1673194882.0,2,430
1676932481.0,1,410
1671353552.0,3,639
1670530540.0,1,307
1673289911.0,0,2164
1676932481.0,1,2073
1674158264.0,2,1126
1673208019.0,2,1506
1673295422.0,2,1873
1676120722.0,1,929
1674020594.0,0,1182
1672705865.0,0,686
1674021755.0,0,772
1672749303.0,0,1110
1673194882.0,2,530
1673266193.0,0,716
1676570431.0,1,1409
1671471757.0,2,268
1677452496.0,1,513
1674040716.0,2,182
1673719038.0,0,2186
1673717233.0,2,777
1676482486.0,1,1617
1676145686.0,1,1355
1673196555.0,2,834
1671478734.0,2,424
1674020878.0,0,101
1674137434.0,2,1194
1677262906.0,1,102
1676315225.0,1,474
1673717548.0,2,972
1674020878.0,0,695
1674065164.0,2,2116
1673718564.0,0,1115
1676153439.0,1,1299
1676793264.0,1,1559
1672788035.0,3,1228
1674066183.0,2,375
1676482489.0,1,214
1676741857.0,1,2131
1672749303.0,0,1769
1677576183.0,1,365
1673196598.0,2,65
1674044002.0,0,2121
1676482710.0,1,1253
1672950669.0,2,189
1676998067.0,1,2004
1674027471.0,0,303
1673194429.0,2,1358
1673194126.0,2,1155
1673186976.0,2,657
1673194488.0,2,2015
1676793031.0,1,1282
1674130738.0,0,90
1670829862.0,1,1190
1673214150.0,2,2060
1672749278.0,3,437
1671472673.0,2,16
1674021028.0,0,1796
1674020297.0,0,120
1673717070.0,2,363
1674043714.0,0,447
1676152402.0,1,388
1673719038.0,0,1737
1671460107.0,3,408
1673719009.0,0,145
1676734203.0,1,614
1671460107.0,3,1364
1676447422.0,1,1934
1673271997.0,2,1079
1676447422.0,1,1149
1673281540.0,2,335
1677397652.0,1,2070
1674020439.0,0,674
1677262954.0,1,1017
1673281667.0,2,1012
1676483774.0,1,834
1673281723.0,2,1794
1677262980.0,1,1546
1673281622.0,2,1099
1672769306.0,0,1056
1676120722.0,1,61
1677482476.0,1,455
1677263669.0,1,1280
1676155331.0,1,305
1676279555.0,1,1844
1673264633.0,0,68
1672787963.0,3,1220
1676570431.0,1,1733
1676483774.0,1,1211
1677413556.0,1,864
1672705786.0,0,306
1673195402.0,2,1205
1673289861.0,0,2147
1676120345.0,1,1710
1670530433.0,1,1827
1677452463.0,1,1254
1677341588.0,1,2076
1676120345.0,1,739
1676390251.0,1,1379
1672859905.0,0,1082
1672859359.0,0,1249
1673194397.0,2,2016
1673195589.0,2,201
1677341590.0,1,679
1673281603.0,2,889
1677328162.0,1,2128
1671353552.0,3,420
1670530433.0,1,390
1671478804.0,2,1240
1676447425.0,1,190
1669832613.0,1,557
1674020452.0,0,1024
1676447207.0,1,2069
1673266193.0,0,2120
1676134694.0,1,1378
1677341588.0,1,1942
1676145686.0,1,1195
1673196555.0,2,2102
1672749218.0,0,1917
1671479432.0,2,614
1669835683.0,1,2119
1677482476.0,1,543
1672769245.0,0,2145
1672705786.0,0,288
1676793264.0,1,1554
1672865025.0,0,1382
1670411862.0,1,1425
1677341588.0,1,1029
1670410896.0,1,1303
1674020594.0,0,695
1671478804.0,2,2220
1677225177.0,1,1966
1672769245.0,0,345
1677452463.0,1,389
1672788032.0,3,672
1677341590.0,1,528
1671473018.0,2,907
1672752395.0,0,1943
1673195402.0,2,899
1677397341.0,1,964
1677577905.0,1,1379
1676155336.0,1,96
1676120722.0,1,836
1677504496.0,1,1641
1672736400.0,0,1566
1676482846.0,1,1297
1671472887.0,2,2058
1670411359.0,1,947
1670444693.0,1,787
1670444693.0,1,1005
1670412166.0,1,1589
1677482476.0,1,40
1677262906.0,1,2186
1673717994.0,2,254
1676998019.0,1,962
1673265699.0,0,863
1676616705.0,1,1606
1672749218.0,0,1726
1677341590.0,1,2197
1677577905.0,1,1040
1673196555.0,2,256
1674021755.0,0,28
1673214150.0,2,696
1673271997.0,2,266
1676152933.0,1,399
1676395591.0,1,1940
1676152933.0,1,1633
1673271755.0,2,299
1676447207.0,1,1308
1673614394.0,2,1886
1671457318.0,3,1056
1673614465.0,2,2175
1676244919.0,1,826
1677262954.0,1,290
1672865025.0,0,1104
1676294565.0,1,2171
1677397321.0,1,150
1672859729.0,0,1194
1670407538.0,1,478
1673719009.0,0,458
1671479432.0,2,2072
1677009987.0,1,1544
1674043638.0,0,1755
1673186875.0,2,1710
1672863583.0,3,672
1676998019.0,1,718
1674021773.0,0,1406
1671457318.0,3,490
1673272460.0,2,2064
1677010873.0,1,1440
1673689929.0,0,1117
1677010873.0,1,1175
1674040469.0,2,1388
1673271954.0,2,1689
1672749218.0,0,590
1672863586.0,3,1938
1672820739.0,0,1466
1673195402.0,2,1031
1673281540.0,2,1060
1674064478.0,2,901
1677349852.0,1,979
1673689929.0,0,1882
1673194397.0,2,1834
1677349854.0,1,441
1676998067.0,1,805
1670530540.0,1,1198
1674066452.0,2,1036
1677540173.0,1,238
1674040614.0,2,1432
1673718581.0,0,641
1677051723.0,1,1493
1674158264.0,2,2195
1677577544.0,1,1527
1671451497.0,4,1553
1672941540.0,0,428
1672859905.0,0,980
1674064260.0,2,1990
1674040002.0,2,538
1672534019.0,0,780
1672862510.0,2,1441
1674065164.0,2,47
1673614360.0,2,569
1676965853.0,1,2114
1670531210.0,1,189
1670410079.0,1,1821
1670530433.0,1,1474
1677349852.0,1,736
1670411359.0,1,651
1677413556.0,1,880
1674064478.0,2,1144
1674065209.0,2,1812
1676278577.0,4,1261
1677499841.0,4,1931
1671450959.0,4,1708
1670536893.0,1,359
1673265415.0,0,903
1671314088.0,3,1053
1673717700.0,2,182
1674043989.0,0,1506
1672534019.0,0,1875
1674116707.0,4,2219
1674064324.0,2,1396
1673717548.0,2,1912
1672863586.0,3,82
1674043989.0,0,542
1674040002.0,2,1211
1672749278.0,3,1481
1672749098.0,3,328
1676097059.0,4,1408
1672534019.0,0,1106
1670536702.0,1,1559
1673289911.0,0,988
1673717994.0,2,916
1677497541.0,4,1282
1671457318.0,3,213
1676395591.0,1,1872
1673289884.0,0,496
1674116610.0,4,1166
1670908791.0,3,780
1674044002.0,0,1774
1673614394.0,2,1925
1674582365.0,4,2077
1672302892.0,4,1271
1671437918.0,3,1607
1674064953.0,2,918
1673725999.0,2,1894
1672847076.0,4,1913
1673718545.0,0,1401
1672862716.0,2,1213
1671225068.0,4,283
1674898088.0,4,1645
1673902485.0,4,919
1677397652.0,1,335
1676152402.0,1,305
1674040002.0,2,1687
1670536702.0,1,885
1674064260.0,2,1110
1674040614.0,2,1744
1676965853.0,1,484
1674064324.0,2,1821
1676315225.0,1,1370
1672688393.0,3,1667
1673725999.0,2,2069
1671437918.0,3,431
1671271934.0,4,2107
1672619619.0,4,1075
1671457318.0,3,1133
1672865025.0,0,1400
1672162620.0,4,62
1672863583.0,3,804
1676315559.0,1,613
1671451150.0,4,1548
1674117014.0,4,1260
1674162572.0,0,495
1672072174.0,4,466
1672736337.0,0,1552
1671437918.0,3,1351
1676965853.0,1,2184
1672172566.0,3,825
1670996338.0,3,238
1674064324.0,2,147
1673718527.0,0,1527
1677030554.0,4,159
1672844566.0,3,2209
1677138302.0,4,970
1672998949.0,4,1752
1676328908.0,3,1661
1674116566.0,4,1412
1673364034.0,4,1702
1674064504.0,2,2192
1672925089.0,3,980
1673481134.0,4,236
1676114637.0,4,203
1674898088.0,4,738
1672862716.0,2,1650
1676965543.0,1,1494
1671962392.0,4,1708
1674319096.0,4,195
1673718595.0,0,482
1673717994.0,2,1632
1671224855.0,4,1851
1673086701.0,4,183
1673608104.0,4,1637
1674117014.0,4,319
1676971435.0,4,678
1674863015.0,4,238
1672461011.0,4,688
1671226241.0,3,549
1671283319.0,3,2129
1673608104.0,4,2001
1673594232.0,3,888
1673481134.0,4,1947
1672847112.0,4,2219
1672072174.0,4,919
1677030599.0,4,1433
1671224855.0,4,153
1672351299.0,3,193
1677614846.0,4,1621
1674116566.0,4,718
1675957596.0,4,210
1672588884.0,3,1103
1672072174.0,4,2135
1673364034.0,4,317
1672055081.0,4,969
1670838505.0,3,674
1674986904.0,4,1914
1671962818.0,4,1429
1671225347.0,4,828
1672997171.0,3,1508
1672351299.0,3,1096
1673607903.0,4,1736
1673689456.0,4,156
1670872780.0,4,1896
1672162620.0,4,1879
1674688665.0,4,747
1672172745.0,3,858
1672925207.0,3,443
1670572598.0,4,701
1670572152.0,4,595
1671268840.0,3,1328
1670944934.0,4,20
1671962726.0,4,61
1672312994.0,4,1550
1670757383.0,4,2207
1673717042.0,4,2012
1672591817.0,3,1330
1672745920.0,3,1363
1672087403.0,3,1314
1676278251.0,4,1846
1672180480.0,3,80
1670872780.0,4,1569
1672067567.0,3,803
1677497541.0,4,856
1671451091.0,4,399
1671188428.0,4,1429
1673594232.0,3,1361
1677499796.0,4,2047
1671451855.0,4,291
1672828574.0,4,1410
1671749904.0,4,632
1671962206.0,4,1752
1674293900.0,4,1499
1674558780.0,4,1169
1670572504.0,4,858
1673871327.0,3,1337
1671379387.0,3,964
1671962726.0,4,1677
1673871327.0,3,1211
1672461221.0,4,1761
1672316399.0,4,408
1672312994.0,4,1446
1674116707.0,4,136
1671225347.0,4,603
1671370440.0,3,630
1671962818.0,4,506
1670572190.0,4,1920
1672325590.0,3,1208
1672055081.0,4,1604
1674898229.0,4,674
1673902142.0,4,2080
1673086701.0,4,1993
1671314088.0,3,2153
1677614846.0,4,1153
1672323297.0,4,1113
1673902315.0,4,1449
1672316500.0,4,2129
1672325855.0,3,1632
1670572190.0,4,190
1674455945.0,4,1642
1677366438.0,4,924
1671271694.0,4,1737
1671212603.0,3,629
1674910875.0,4,193
1671283319.0,3,121
1671749904.0,4,877
1670881659.0,3,985
1672688559.0,3,1050
1673559304.0,4,377
1672840279.0,3,1451
1677615166.0,4,877
1672731046.0,4,983
1672055147.0,4,1683
1672583272.0,3,1919
1672591817.0,3,1379
1672847076.0,4,1572
1677030554.0,4,232
1672999331.0,4,804
1677196418.0,4,1600
1672847043.0,4,2192
1676116345.0,4,1228
1673312149.0,4,1130
1673364034.0,4,720
1672847043.0,4,2050
1674831428.0,4,656
1674117121.0,4,631
1671373980.0,3,346
1671097249.0,4,378
1672828574.0,4,688
1672725918.0,3,1809
1673481134.0,4,1301
1677138353.0,4,1803
1672326039.0,3,1379
1671451898.0,4,1948
1672323297.0,4,1222
1674910875.0,4,1557
1671451855.0,4,1965
1671451497.0,4,538
1672672116.0,4,434
1673717042.0,4,903
1671451855.0,4,2004
1676278795.0,4,377
1671962224.0,4,1540
1672302574.0,4,926
1671450886.0,4,455
1672302315.0,4,2035
1672302315.0,4,538
1671379387.0,3,555
1671962818.0,4,1418
1671134094.0,3,1988
1673134256.0,3,656
1671097393.0,4,38
1672045904.0,4,778
1671297733.0,3,1055
1674117173.0,4,2089
1674898229.0,4,1951
1670838505.0,3,1681
1672846995.0,4,1214
1672162662.0,4,1886
1671212603.0,3,1478
1677499338.0,4,956
1671962726.0,4,1166
1671703163.0,4,82
1676298793.0,4,2205
1674116610.0,4,1398
1677499338.0,4,239
1671271896.0,4,1111
1671171542.0,3,1674
1677601503.0,4,900
1672999060.0,4,1208
1672221421.0,4,1755
1677170856.0,4,2184
1672847076.0,4,995
1672999331.0,4,1511
1671268840.0,3,1186
1673902485.0,4,166
1674629769.0,3,774
1670944934.0,4,1358
1673689357.0,4,918
1671226244.0,3,436
1672162662.0,4,1184
1674688809.0,4,1504
1672044958.0,3,1455
1671962206.0,4,1550
1671370807.0,3,1774
1672619619.0,4,254
1672619619.0,4,1089
1671962224.0,4,859
1674986904.0,4,1468
1671703014.0,4,2171
1671141627.0,4,577
1673134384.0,3,2147
1673689193.0,4,645
1672725588.0,3,534
1677614742.0,4,1049
1677138353.0,4,1440
1672302315.0,4,989
1672045792.0,4,695
1671452096.0,4,936
1672997171.0,3,1548
1671225176.0,4,618
1671703075.0,4,929
1677615262.0,4,632
1677614742.0,4,1185
1672999434.0,4,1109
1672588884.0,3,764
1671749508.0,4,2107
1674253263.0,4,2029
1672045904.0,4,958
1671225068.0,4,955
1674898088.0,4,794
1672730826.0,4,789
1672172782.0,4,898
1673717042.0,4,1452
1672323240.0,4,1109
1670924475.0,4,247
1673689357.0,4,453
1674352592.0,4,2149
1672725895.0,3,1292
1672351299.0,3,1378
1672172817.0,4,1846
1672997332.0,3,1982
1671226244.0,3,557
1672591640.0,3,1710
1672591862.0,3,1867
1672745923.0,3,148
1672312854.0,4,1280
1674294225.0,4,1077
1671224991.0,4,2047
1671271896.0,4,460
1672588884.0,3,878
1672172782.0,4,1201
1671297733.0,3,2048
1672847112.0,4,16
1672847112.0,4,888
1674688968.0,4,601
1671097249.0,4,1696
1672325590.0,3,314
1672326039.0,3,234
1672998616.0,4,2159
1673559304.0,4,351
1673134384.0,3,1468
1672316500.0,4,2078
1674911103.0,4,264
1677366438.0,4,2149
1671450959.0,4,822
1676120362.0,4,959
1674455782.0,4,912
1671297733.0,3,1632
1671023984.0,3,30
1674898088.0,4,1928
1672351299.0,3,689
1672688393.0,3,2135
1672828672.0,4,1034
1671284673.0,3,738
1673014175.0,3,1127
1672180480.0,3,1396
1670572460.0,4,1866
1671450886.0,4,2079
1674986904.0,4,1999
1672828638.0,4,2075
1672844729.0,3,1664
1673364170.0,4,1990
1677615262.0,4,1542
1672730949.0,4,214
1672054978.0,4,186
1670944855.0,4,1928
1670572152.0,4,484
1670955199.0,3,1437
1671212425.0,3,973
1672846893.0,4,340
1672302928.0,4,1333
1672325590.0,3,1815
1677499841.0,4,1690
1671451150.0,4,111
1673559067.0,4,346
1672087403.0,3,2012
1672830599.0,3,1444
1671962392.0,4,158
1672847043.0,4,1217
1676278577.0,4,1912
1671451898.0,4,733
1670838505.0,3,1555
1676971583.0,4,203
1671703014.0,4,1412
1673134256.0,3,291
1672065694.0,3,264
1672999331.0,4,2086
1677614887.0,4,306
1677614887.0,4,212
1671225068.0,4,1336
1670908791.0,3,190
1673902142.0,4,98
1677138609.0,4,1005
1673364261.0,4,305
1671297680.0,3,2084
1671284673.0,3,466
1671271896.0,4,2017
1672591859.0,3,718
1673689357.0,4,880
1670572551.0,4,1318
1673608104.0,4,1506
1671097719.0,4,1122
1676278708.0,4,1088
1672055051.0,4,1040
1672054978.0,4,1261
1674293768.0,4,2088
1671373980.0,3,275
1670572190.0,4,512
1672553713.0,3,1166
1671134355.0,3,1830
1672302892.0,4,907
1672924870.0,3,343
1674688860.0,4,440
1674116566.0,4,257
1672591859.0,3,736
1672312782.0,4,610
1672688559.0,3,1872
1672745923.0,3,935
1672302892.0,4,80
1672998722.0,4,2178
1672044880.0,3,964
1671225609.0,4,1661
1671187788.0,4,1195
1672672116.0,4,1133
1672588884.0,3,2086
1672591862.0,3,980
1671271896.0,4,1363
1677366438.0,4,2177
1674319096.0,4,1053
1672172741.0,3,192
1676097059.0,4,661
1671097393.0,4,855
1672044851.0,3,865
1672316399.0,4,1587
1673902315.0,4,2012
1674582365.0,4,426
1671097778.0,4,1428
1672730949.0,4,1218
1672302574.0,4,1411
1674671102.0,4,238
1672312994.0,4,2119
1672221421.0,4,893
1672312782.0,4,1692
1674937547.0,4,1988
1671224855.0,4,1995
1671225347.0,4,613
1677030599.0,4,759
1674293900.0,4,1670
1671271786.0,4,339
1671226244.0,3,371
1674688860.0,4,2054
1671134355.0,3,425
1674582573.0,4,1157
1672840279.0,3,164
1670908583.0,3,864
1673871327.0,3,429
1673134384.0,3,643
1671226241.0,3,1454
1672591862.0,3,2015
1672461221.0,4,1843
1672172741.0,3,1781
1672731046.0,4,637
1673014175.0,3,728
1672844566.0,3,549
1672302928.0,4,250
1672925089.0,3,989
1673902485.0,4,2117
1672730949.0,4,1005
1672844729.0,3,995
1677617874.0,3,155
1672582238.0,3,275
1674671102.0,4,319
1672997298.0,3,1784
1677572809.0,4,1805
1672055051.0,4,2027
1672302928.0,4,2114
1671171542.0,3,1913
1671962206.0,4,1741
1672924870.0,3,878
1670572323.0,4,232
1672565313.0,3,239
1671373980.0,3,15
1672745920.0,3,2161
1673944939.0,3,1518
1674294420.0,4,1249
1674117014.0,4,1433
1672828733.0,4,879
1672828733.0,4,1121
1671703968.0,3,1376
1670572598.0,4,1793
1674582365.0,4,1598
1672325590.0,3,1708
1672045792.0,4,1981
1674455907.0,4,1464
1671023904.0,3,1475
1677601503.0,4,1483
1672325855.0,3,1896
1671171542.0,3,315
1671314088.0,3,1205
1672924778.0,3,1542
1673364170.0,4,816
1671173340.0,3,1645
1671283319.0,3,1949
1672846995.0,4,744
1671097194.0,4,2096
1673944939.0,3,120
1674831428.0,4,1799
1671225176.0,4,1064
1672828672.0,4,589
1670572460.0,4,2031
1674688751.0,4,1947
1672986807.0,3,2004
1674253238.0,4,1338
1673312149.0,4,610
1672998722.0,4,1718
1670572504.0,4,960
1671224855.0,4,878
1671452096.0,4,130
1674455907.0,4,1940
1672924870.0,3,1587
1671225176.0,4,699
1672316500.0,4,1055
1671097053.0,4,1647
1674911103.0,4,475
1677030573.0,4,2119
1672045792.0,4,730
1674352592.0,4,2207
1674352592.0,4,225
1677614742.0,4,120
1671271694.0,4,19
1672065694.0,3,1792
1677614926.0,4,10
1676278795.0,4,993
1674937749.0,4,1796
1672591640.0,3,40
1671225176.0,4,1792
1674831428.0,4,148
1671283319.0,3,2185
1671023984.0,3,995
1672591862.0,3,1323
1672172566.0,3,1774
1676298793.0,4,593
1672998616.0,4,998
1670996338.0,3,318
1674910875.0,4,870
1674294196.0,4,436
1672045904.0,4,1396
1672221421.0,4,1114
1670908583.0,3,581
1673594232.0,3,1436
1672997171.0,3,1877
1672553713.0,3,2064
1672232963.0,4,657
1674688809.0,4,187
1672998949.0,4,1050
1672055051.0,4,1149
1673607903.0,4,1397
1670572460.0,4,47
1672688650.0,3,2091
1670572598.0,4,2110
1672846893.0,4,2042
1671173340.0,3,426
1670881659.0,3,1896
1671788343.0,4,430
1672999060.0,4,809
1673902485.0,4,1599
1674117173.0,4,2000
1672998783.0,4,319
1674898229.0,4,1361
1672830599.0,3,433
1671226241.0,3,2084
1672055081.0,4,839
1676971435.0,4,728
1672688393.0,3,266
1672162620.0,4,482
1671451091.0,4,790
1671141627.0,4,1239
1674846092.0,4,318
1674455782.0,4,888
1671962726.0,4,1055
1673902142.0,4,950
1670572504.0,4,2077
1672998949.0,4,343
1672565313.0,3,729
1671703163.0,4,302
1672844566.0,3,1574
1673364170.0,4,1376
1672323240.0,4,449
1671054190.0,3,842
1674294394.0,4,2009
1672847043.0,4,1406
1671450813.0,4,1817
1674319096.0,4,980
1674318844.0,4,7
1673086371.0,4,916
1671134094.0,3,1615
1672924778.0,3,672
1672591640.0,3,1499
1671171542.0,3,775
1672162662.0,4,401
1672044958.0,3,449
1674117173.0,4,434
1672998722.0,4,173
1672731046.0,4,774
1671268840.0,3,1903
1672172817.0,4,473
1672172741.0,3,2088
1670875997.0,3,2017
1672055147.0,4,392
1670996338.0,3,190
1672067567.0,3,1536
1672055147.0,4,358
1677138302.0,4,1038
1672997298.0,3,853
1672998949.0,4,632
1672725918.0,3,496
1677499463.0,4,1169
1672828733.0,4,953
1671569258.0,3,731
1672323240.0,4,1678
1672986807.0,3,477
1672828638.0,4,1370
1674831428.0,4,1378
1670873200.0,4,61
1673515124.0,4,466
1671271741.0,4,614
1672846995.0,4,2020
1673086371.0,4,440
1672044880.0,3,1950
1676278251.0,4,1374
1671141627.0,4,1148
1672067567.0,3,897
1674846215.0,4,716
1673312149.0,4,1540
1676058581.0,3,75
1671212428.0,3,83
1671451307.0,4,318
1672044958.0,3,801
1670873200.0,4,1760
1672591817.0,3,1544
1671451307.0,4,1952
1672997171.0,3,312
1674455945.0,4,1499
1677614887.0,4,536
1672672116.0,4,1148
1674688665.0,4,1112
1673608104.0,4,1926
1676883481.0,4,510
1672302088.0,4,871
1676097059.0,4,1360
1672302088.0,4,82
1670572598.0,4,268
1672316500.0,4,1788
1676883481.0,4,2089
1672582238.0,3,1873
1674582365.0,4,378
1671379387.0,3,839
1677499796.0,4,783
1673312149.0,4,484
1672172782.0,4,2046
1671749776.0,4,28
1672688647.0,3,1483
1672570381.0,4,303
1673607507.0,4,1896
1674318844.0,4,1723
1677030573.0,4,1209
1671370440.0,3,98
1676971583.0,4,1183
1671370807.0,3,1858
1676325055.0,4,110
1674116782.0,4,241
1677601415.0,4,628
1672323361.0,4,920
1672844566.0,3,120
1672162662.0,4,923
1672302088.0,4,1589
1672847076.0,4,1603
1672461011.0,4,1525
1672172745.0,3,893
1673086701.0,4,293
1672583272.0,3,1076
1673902315.0,4,1045
1672553713.0,3,343
1676325055.0,4,1840
1670908583.0,3,1618
1672999434.0,4,771
1671023984.0,3,158
1672689725.0,4,1595
1676116345.0,4,603
1671187410.0,4,1017
1672830641.0,3,856
1672312854.0,4,601
1673364261.0,4,1769
1676883481.0,4,894
1672846893.0,4,918
1672745920.0,3,2187
1674116782.0,4,197
1673134256.0,3,1380
1671450959.0,4,563
1674846092.0,4,75
1671097194.0,4,1149
1671271694.0,4,1851
1671054190.0,3,1733
1676278708.0,4,995
1670944855.0,4,1862
1671212603.0,3,392
1677499436.0,4,1483
1672583272.0,3,1482
1671224991.0,4,1574
1672054978.0,4,1879
1674937547.0,4,1870
1670572839.0,4,773
1676905619.0,4,797
1671225609.0,4,858
1671962206.0,4,990
1672087403.0,3,96
1671962224.0,4,295
1672925207.0,3,805
1674688809.0,4,175
1674294225.0,4,2031
1673014175.0,3,1090
1674117014.0,4,1485
1670924761.0,4,1129
1672844729.0,3,1054
1673434048.0,4,587
1670944855.0,4,536
1671450867.0,4,881
1670572839.0,4,1119
1670944934.0,4,249
1674116782.0,4,1487
1671297680.0,3,747
1676278577.0,4,1504
1671023984.0,3,2111
1672924778.0,3,1813
1673902315.0,4,758
1677030554.0,4,677
1671451091.0,4,2091
1673607507.0,4,1294
1674294196.0,4,1241
1673716965.0,4,1103
1673944939.0,3,365
1673689193.0,4,898
1672583272.0,3,2109
1670832987.0,3,955
1672044880.0,3,907
1674937547.0,4,114
1671370440.0,3,62
1673364034.0,4,833
1671271934.0,4,288
1671451855.0,4,1955
1671187620.0,4,430
1674898229.0,4,406
1672916362.0,4,1753
1672591859.0,3,623
1670908583.0,3,1435
1674318844.0,4,1088
1674629769.0,3,552
1674117121.0,4,544
1671141627.0,4,750
1672688650.0,3,909
1674455782.0,4,2224
1670881659.0,3,1029
1671450813.0,4,358
1672582238.0,3,2152
1674293604.0,4,801
1672844729.0,3,705
1672312994.0,4,482
1672688647.0,3,930
1672725918.0,3,905
1674293604.0,4,1667
1672065694.0,3,74
1673689193.0,4,1489
1672916362.0,4,886
1673559304.0,4,622
1672997298.0,3,622
1671271786.0,4,2221
1672461011.0,4,619
1672044851.0,3,1935
1671097194.0,4,1354
1671297733.0,3,241
1671788343.0,4,1212
1674253263.0,4,2201
1672553713.0,3,893
1671451497.0,4,1381
1677366438.0,4,1726
1671225609.0,4,1964
1672998783.0,4,1465
1671097249.0,4,750
1671271934.0,4,2062
1673134256.0,3,189
1672828638.0,4,1202
1672180480.0,3,733
1671226244.0,3,1885
1677030573.0,4,1264
1671451307.0,4,2157
1677615262.0,4,430
1674455945.0,4,1874
1670572504.0,4,204
1672998616.0,4,273
1671212428.0,3,726
1670572323.0,4,1490
1672172817.0,4,1998
1677030573.0,4,639
1672045792.0,4,947
1672846893.0,4,273
1672830641.0,3,1355
1672725588.0,3,2042
1672323361.0,4,1014
1672323240.0,4,1023
1670944799.0,4,1160
1672830641.0,3,853
1673134384.0,3,2054
1672326039.0,3,1468
1672055010.0,4,876
1674688751.0,4,1871
1674688860.0,4,1848
1672730826.0,4,93
1677138609.0,4,1707
1671097053.0,4,1344
1671297680.0,3,1488
1676278251.0,4,250
1676971435.0,4,2208
1672302928.0,4,2161
1672172741.0,3,926
1670572323.0,4,406
1672172782.0,4,1500
1674293574.0,4,555
1671703968.0,3,548
1672162590.0,4,1248
1674688665.0,4,651
1674293574.0,4,1998
1672302088.0,4,754
1673481134.0,4,40
1672924870.0,3,917
1673607507.0,4,1843
1671054190.0,3,380
1670757383.0,4,689
1672055010.0,4,1474
1672221493.0,4,512
1671451091.0,4,425
1672553710.0,3,824
1671451898.0,4,991
1676905619.0,4,335
1672828638.0,4,932
1674688860.0,4,464
1674688968.0,4,241
1672731046.0,4,898
1672688650.0,3,836
1677615166.0,4,1830
1670872780.0,4,1692
1677138302.0,4,1157
1672172745.0,3,1346
1674911036.0,4,135
1672745923.0,3,2029
1672302315.0,4,1821
1672998722.0,4,1026
1674294394.0,4,2110
1672045904.0,4,1014
1672725616.0,3,437
1674455945.0,4,1017
1674846092.0,4,253
1670955199.0,3,565
1672172566.0,3,661
1672582238.0,3,833
1670944934.0,4,78
1671962392.0,4,1713
1674846215.0,4,1186
1671452096.0,4,757
1670881659.0,3,105
1676097117.0,4,1297
1677615166.0,4,1401
1672072174.0,4,455
1673086371.0,4,167
1672323297.0,4,2179
1670572152.0,4,1441
1672172566.0,3,1702
1677499436.0,4,227
1674116782.0,4,980
1673364261.0,4,1916
1672083094.0,4,1896
1676325055.0,4,1516
1671224991.0,4,1045
1673559361.0,4,709
1672565313.0,3,684
1677614926.0,4,1818
1671451497.0,4,1040
1672162590.0,4,809
1674911157.0,4,789
1672619619.0,4,1689
1673607903.0,4,194
1672172817.0,4,1266
1672067567.0,3,153
1672570381.0,4,1615
1671268840.0,3,1495
1674846215.0,4,1797
1672162590.0,4,1867
1674582573.0,4,615
1672688393.0,3,1178
1672828574.0,4,850
1671297680.0,3,1114
1677138353.0,4,1229
1670572152.0,4,111
1677170856.0,4,2207
1673871327.0,3,865
1671225609.0,4,767
1670572323.0,4,1523
1674293604.0,4,300
1674558780.0,4,427
1671271934.0,4,813
1673559191.0,4,1040
1674117173.0,4,54
1672055051.0,4,1487
1674910875.0,4,832
1674294225.0,4,2034
1672316399.0,4,755
1671962818.0,4,491
1674318844.0,4,1753
1672312854.0,4,550
1671452096.0,4,1870
1673086701.0,4,2050
1672828672.0,4,1897
1672044851.0,3,1524
1676278708.0,4,1358
1676278795.0,4,253
1677614926.0,4,1868
1674582573.0,4,548
1672999060.0,4,1453
1672999060.0,4,916
1671284673.0,3,1718
1672688650.0,3,2160
1676097117.0,4,1884
1677499338.0,4,2179
1671097315.0,4,2096
1671354097.0,3,2219
